comparison,candidate,baseline,scope,dataset,metric,delta_mean,ci95_low,ci95_high,bootstrap_iterations
uniform:cvar10_vs_mean,uniform__cvar_10__standard,uniform__mean__standard,generator_pairwise_dataset_macro,comgenvid,auc,-0.012753562420325295,-0.015133287719306852,-0.01036064119225597,1000
uniform:cvar10_vs_mean,uniform__cvar_10__standard,uniform__mean__standard,generator_pairwise_dataset_macro,comgenvid,ap_real,-0.009291924937559103,-0.011256349655391353,-0.00735402929268568,1000
feature_change:cvar10_vs_mean,feature_change__cvar_10__standard,feature_change__mean__standard,generator_pairwise_dataset_macro,comgenvid,auc,-0.012461517738007253,-0.015203313103605684,-0.009759786967822632,1000
feature_change:cvar10_vs_mean,feature_change__cvar_10__standard,feature_change__mean__standard,generator_pairwise_dataset_macro,comgenvid,ap_real,-0.009011951514786537,-0.011031407969684215,-0.006779765368029216,1000
real_anomaly:cvar10_vs_mean,real_anomaly__cvar_10__standard,real_anomaly__mean__standard,generator_pairwise_dataset_macro,comgenvid,auc,-0.013236790740125298,-0.015964098020347053,-0.010634154840501774,1000
real_anomaly:cvar10_vs_mean,real_anomaly__cvar_10__standard,real_anomaly__mean__standard,generator_pairwise_dataset_macro,comgenvid,ap_real,-0.009370062002614156,-0.011482721530809734,-0.007270524982330201,1000
real_anomaly:crossfit_vs_standard_mean,real_anomaly__mean__crossfit5,real_anomaly__mean__standard,generator_pairwise_dataset_macro,comgenvid,auc,0.0006255230008779749,-8.463499685002346e-05,0.0013474868056208367,1000
real_anomaly:crossfit_vs_standard_mean,real_anomaly__mean__crossfit5,real_anomaly__mean__standard,generator_pairwise_dataset_macro,comgenvid,ap_real,0.0004736423240421982,-0.00011680174175968949,0.0010657838203859584,1000
real_anomaly:crossfit_vs_standard_cvar10,real_anomaly__cvar_10__crossfit5,real_anomaly__cvar_10__standard,generator_pairwise_dataset_macro,comgenvid,auc,-0.000680224490453922,-0.0013690795804584017,3.104833309356121e-05,1000
real_anomaly:crossfit_vs_standard_cvar10,real_anomaly__cvar_10__crossfit5,real_anomaly__cvar_10__standard,generator_pairwise_dataset_macro,comgenvid,ap_real,-0.00037927747388438396,-0.000949976012802356,0.0001881785371880702,1000
uniform:cvar10_vs_mean,uniform__cvar_10__standard,uniform__mean__standard,generator_pairwise_dataset_macro,genvideo,auc,-0.01962740647528269,-0.022333846667559113,-0.017068415339462427,1000
uniform:cvar10_vs_mean,uniform__cvar_10__standard,uniform__mean__standard,generator_pairwise_dataset_macro,genvideo,ap_real,-0.020566849495886323,-0.023792863555758804,-0.017273248820298116,1000
feature_change:cvar10_vs_mean,feature_change__cvar_10__standard,feature_change__mean__standard,generator_pairwise_dataset_macro,genvideo,auc,-0.024642385738924476,-0.02751853843951724,-0.021854476171212927,1000
feature_change:cvar10_vs_mean,feature_change__cvar_10__standard,feature_change__mean__standard,generator_pairwise_dataset_macro,genvideo,ap_real,-0.02800964272294402,-0.03141361504110045,-0.02452644007457772,1000
real_anomaly:cvar10_vs_mean,real_anomaly__cvar_10__standard,real_anomaly__mean__standard,generator_pairwise_dataset_macro,genvideo,auc,-0.01660293144656868,-0.01971737670568082,-0.01371984283151072,1000
real_anomaly:cvar10_vs_mean,real_anomaly__cvar_10__standard,real_anomaly__mean__standard,generator_pairwise_dataset_macro,genvideo,ap_real,-0.017189575988889434,-0.020680051019499154,-0.01365110674824856,1000
real_anomaly:crossfit_vs_standard_mean,real_anomaly__mean__crossfit5,real_anomaly__mean__standard,generator_pairwise_dataset_macro,genvideo,auc,0.0039742976273248855,0.0030427111559905183,0.005017242588211379,1000
real_anomaly:crossfit_vs_standard_mean,real_anomaly__mean__crossfit5,real_anomaly__mean__standard,generator_pairwise_dataset_macro,genvideo,ap_real,0.0036182327712215613,0.002185409306924402,0.004960752745146789,1000
real_anomaly:crossfit_vs_standard_cvar10,real_anomaly__cvar_10__crossfit5,real_anomaly__cvar_10__standard,generator_pairwise_dataset_macro,genvideo,auc,0.004647106762537999,0.003396223758213133,0.005891649080970181,1000
real_anomaly:crossfit_vs_standard_cvar10,real_anomaly__cvar_10__crossfit5,real_anomaly__cvar_10__standard,generator_pairwise_dataset_macro,genvideo,ap_real,0.003259899190992002,0.0017073218263014428,0.004592055994067073,1000
uniform:cvar10_vs_mean,uniform__cvar_10__standard,uniform__mean__standard,generator_pairwise_dataset_macro,videofeedback,auc,-0.006216206666666666,-0.008188208333333327,-0.004219472222222256,1000
uniform:cvar10_vs_mean,uniform__cvar_10__standard,uniform__mean__standard,generator_pairwise_dataset_macro,videofeedback,ap_real,-0.00605126234265763,-0.00845876954664496,-0.003485593182263061,1000
feature_change:cvar10_vs_mean,feature_change__cvar_10__standard,feature_change__mean__standard,generator_pairwise_dataset_macro,videofeedback,auc,-0.007061775555555554,-0.009194472222222213,-0.005111083333333313,1000
feature_change:cvar10_vs_mean,feature_change__cvar_10__standard,feature_change__mean__standard,generator_pairwise_dataset_macro,videofeedback,ap_real,-0.007069941467752088,-0.009564912629017363,-0.004466602905873706,1000
real_anomaly:cvar10_vs_mean,real_anomaly__cvar_10__standard,real_anomaly__mean__standard,generator_pairwise_dataset_macro,videofeedback,auc,-0.007344745,-0.009301055555555568,-0.005147444444444445,1000
real_anomaly:cvar10_vs_mean,real_anomaly__cvar_10__standard,real_anomaly__mean__standard,generator_pairwise_dataset_macro,videofeedback,ap_real,-0.007571450451177027,-0.010015374253606416,-0.004973210006341017,1000
real_anomaly:crossfit_vs_standard_mean,real_anomaly__mean__crossfit5,real_anomaly__mean__standard,generator_pairwise_dataset_macro,videofeedback,auc,0.0025892694444444443,0.002154916666666663,0.003038430555555576,1000
real_anomaly:crossfit_vs_standard_mean,real_anomaly__mean__crossfit5,real_anomaly__mean__standard,generator_pairwise_dataset_macro,videofeedback,ap_real,0.0027968682975394246,0.002158806545805119,0.0035004678728995943,1000
real_anomaly:crossfit_vs_standard_cvar10,real_anomaly__cvar_10__crossfit5,real_anomaly__cvar_10__standard,generator_pairwise_dataset_macro,videofeedback,auc,0.002837885555555557,0.002362458333333314,0.00337680555555554,1000
real_anomaly:crossfit_vs_standard_cvar10,real_anomaly__cvar_10__crossfit5,real_anomaly__cvar_10__standard,generator_pairwise_dataset_macro,videofeedback,ap_real,0.0033607011019755662,0.0025203559954254046,0.004223913240130262,1000
uniform:cvar10_vs_mean,uniform__cvar_10__standard,uniform__mean__standard,generator_pairwise_macro3,Macro-3,auc,-0.012865725187424883,-0.014242654162774706,-0.011514469624543597,1000
uniform:cvar10_vs_mean,uniform__cvar_10__standard,uniform__mean__standard,generator_pairwise_macro3,Macro-3,ap_real,-0.011970012258701021,-0.013430333336614564,-0.010368667184393717,1000
feature_change:cvar10_vs_mean,feature_change__cvar_10__standard,feature_change__mean__standard,generator_pairwise_macro3,Macro-3,auc,-0.014721893010829096,-0.016201263598090935,-0.01324217195858832,1000
feature_change:cvar10_vs_mean,feature_change__cvar_10__standard,feature_change__mean__standard,generator_pairwise_macro3,Macro-3,ap_real,-0.014697178568494215,-0.01631635829773272,-0.013116344609867285,1000
real_anomaly:cvar10_vs_mean,real_anomaly__cvar_10__standard,real_anomaly__mean__standard,generator_pairwise_macro3,Macro-3,auc,-0.012394822395564659,-0.013876818934256201,-0.010783669065463311,1000
real_anomaly:cvar10_vs_mean,real_anomaly__cvar_10__standard,real_anomaly__mean__standard,generator_pairwise_macro3,Macro-3,ap_real,-0.011377029480893539,-0.012895449804348333,-0.009794539127976511,1000
real_anomaly:crossfit_vs_standard_mean,real_anomaly__mean__crossfit5,real_anomaly__mean__standard,generator_pairwise_macro3,Macro-3,auc,0.0023963633575491013,0.0019640978056133344,0.0028404073140995095,1000
real_anomaly:crossfit_vs_standard_mean,real_anomaly__mean__crossfit5,real_anomaly__mean__standard,generator_pairwise_macro3,Macro-3,ap_real,0.002296247797601061,0.001747537829493277,0.00283439392433968,1000
real_anomaly:crossfit_vs_standard_cvar10,real_anomaly__cvar_10__crossfit5,real_anomaly__cvar_10__standard,generator_pairwise_macro3,Macro-3,auc,0.0022682559425465446,0.001772816730010745,0.0027790210244436737,1000
real_anomaly:crossfit_vs_standard_cvar10,real_anomaly__cvar_10__crossfit5,real_anomaly__cvar_10__standard,generator_pairwise_macro3,Macro-3,ap_real,0.0020804409396943946,0.0014913268885760683,0.002653576938484664,1000
