video_path,source_id,subset,source_model,fps,duration_seconds,num_frames,downsample_idxs,sha256
datasets/vatex_bank/JQDO09JqTMo.mp4,JQDO09JqTMo,real,VATEX,29.97002997002997,10.01,300,"[0, 4, 7, 11, 15, 19, 22, 26, 30, 34, 37, 41, 45, 49, 52, 56, 60, 64, 67, 71, 75, 79, 82, 86, 90, 94, 97, 101, 105, 109, 112, 116, 120, 124, 127, 131, 135, 139, 142, 146, 150, 154, 157, 161, 165, 169, 172, 176, 180, 184, 187, 191, 195, 199, 202, 206, 210, 214, 217, 221, 225, 229, 232, 236, 240, 244, 247, 251, 255, 258, 262, 266, 270, 273, 277, 281, 285, 288, 292, 296]",61c1d1bb2192630d80aab4ee5a2519525553c6e89a9554c719d2aa2fd132ccf3
datasets/vatex_bank/WyqTqOaJJpg.mp4,WyqTqOaJJpg,real,VATEX,29.97002997002997,10.01,300,"[0, 4, 7, 11, 15, 19, 22, 26, 30, 34, 37, 41, 45, 49, 52, 56, 60, 64, 67, 71, 75, 79, 82, 86, 90, 94, 97, 101, 105, 109, 112, 116, 120, 124, 127, 131, 135, 139, 142, 146, 150, 154, 157, 161, 165, 169, 172, 176, 180, 184, 187, 191, 195, 199, 202, 206, 210, 214, 217, 221, 225, 229, 232, 236, 240, 244, 247, 251, 255, 258, 262, 266, 270, 273, 277, 281, 285, 288, 292, 296]",4d5d564745b3cceef882f99ae66f2e454329820d9e770e3d32f57a6553310544
datasets/vatex_bank/m8VL-6L9z8s.mp4,m8VL-6L9z8s,real,VATEX,30.0,10.0,300,"[0, 4, 8, 11, 15, 19, 22, 26, 30, 34, 38, 41, 45, 49, 52, 56, 60, 64, 68, 71, 75, 79, 82, 86, 90, 94, 98, 101, 105, 109, 112, 116, 120, 124, 128, 131, 135, 139, 142, 146, 150, 154, 158, 161, 165, 169, 172, 176, 180, 184, 188, 191, 195, 199, 202, 206, 210, 214, 218, 221, 225, 229, 232, 236, 240, 244, 248, 251, 255, 259, 262, 266, 270, 274, 278, 281, 285, 289, 292, 296]",2d58ed38827ab9de10129787056b1496e252d19fd179777db2a7b8a2d4a1c0c0
datasets/vatex_bank/XfYqRgyyJSw.mp4,XfYqRgyyJSw,real,VATEX,29.97002997002997,9.976633,299,"[0, 4, 7, 11, 15, 19, 22, 26, 30, 34, 37, 41, 45, 49, 52, 56, 60, 64, 67, 71, 75, 79, 82, 86, 90, 94, 97, 101, 105, 109, 112, 116, 120, 124, 127, 131, 135, 139, 142, 146, 150, 154, 157, 161, 165, 169, 172, 176, 180, 184, 187, 191, 195, 199, 202, 206, 210, 214, 217, 221, 225, 229, 232, 236, 240, 244, 247, 251, 255, 258, 262, 266, 270, 273, 277, 281, 285, 288, 292, 296]",c889d95945127dde77060728fb2d8693eb5496598d2dfee6036f1736c39e7abd
datasets/vatex_bank/8bYU-itYbAo.mp4,8bYU-itYbAo,real,VATEX,30.0,10.0,300,"[0, 4, 8, 11, 15, 19, 22, 26, 30, 34, 38, 41, 45, 49, 52, 56, 60, 64, 68, 71, 75, 79, 82, 86, 90, 94, 98, 101, 105, 109, 112, 116, 120, 124, 128, 131, 135, 139, 142, 146, 150, 154, 158, 161, 165, 169, 172, 176, 180, 184, 188, 191, 195, 199, 202, 206, 210, 214, 218, 221, 225, 229, 232, 236, 240, 244, 248, 251, 255, 259, 262, 266, 270, 274, 278, 281, 285, 289, 292, 296]",101ae780f2776b3fc12fa248c31eab84f0b7378ca4b2b5ba6eef0d0745fad2c4
datasets/vatex_bank/XsWg2q69I1I.mp4,XsWg2q69I1I,real,VATEX,30.0,10.0,300,"[0, 4, 8, 11, 15, 19, 22, 26, 30, 34, 38, 41, 45, 49, 52, 56, 60, 64, 68, 71, 75, 79, 82, 86, 90, 94, 98, 101, 105, 109, 112, 116, 120, 124, 128, 131, 135, 139, 142, 146, 150, 154, 158, 161, 165, 169, 172, 176, 180, 184, 188, 191, 195, 199, 202, 206, 210, 214, 218, 221, 225, 229, 232, 236, 240, 244, 248, 251, 255, 259, 262, 266, 270, 274, 278, 281, 285, 289, 292, 296]",2e087e6637ebb66ee124978bb1ac104d73ec8bb938161d1b0914f425fd70bea4
datasets/vatex_bank/D58zfMKKUN4.mp4,D58zfMKKUN4,real,VATEX,15.0,10.0,150,"[0, 2, 4, 6, 8, 9, 11, 13, 15, 17, 19, 21, 22, 24, 26, 28, 30, 32, 34, 36, 38, 39, 41, 43, 45, 47, 49, 51, 52, 54, 56, 58, 60, 62, 64, 66, 68, 69, 71, 73, 75, 77, 79, 81, 82, 84, 86, 88, 90, 92, 94, 96, 98, 99, 101, 103, 105, 107, 109, 111, 112, 114, 116, 118, 120, 122, 124, 126, 128, 129, 131, 133, 135, 137, 139, 141, 142, 144, 146, 148]",166f460183543a96369923934366e627500b9cd6c814bdeac70321352e959089
datasets/vatex_bank/nOP1qS8tJoE.mp4,nOP1qS8tJoE,real,VATEX,29.97002997002997,10.01,300,"[0, 4, 7, 11, 15, 19, 22, 26, 30, 34, 37, 41, 45, 49, 52, 56, 60, 64, 67, 71, 75, 79, 82, 86, 90, 94, 97, 101, 105, 109, 112, 116, 120, 124, 127, 131, 135, 139, 142, 146, 150, 154, 157, 161, 165, 169, 172, 176, 180, 184, 187, 191, 195, 199, 202, 206, 210, 214, 217, 221, 225, 229, 232, 236, 240, 244, 247, 251, 255, 258, 262, 266, 270, 273, 277, 281, 285, 288, 292, 296]",960ec6083f829e12880ca11bdb3beb6df79f619f4c4cbbcfd4a0ac5252e0d22e
datasets/vatex_bank/tGRGzfn7Y98.mp4,tGRGzfn7Y98,real,VATEX,30.0,10.0,300,"[0, 4, 8, 11, 15, 19, 22, 26, 30, 34, 38, 41, 45, 49, 52, 56, 60, 64, 68, 71, 75, 79, 82, 86, 90, 94, 98, 101, 105, 109, 112, 116, 120, 124, 128, 131, 135, 139, 142, 146, 150, 154, 158, 161, 165, 169, 172, 176, 180, 184, 188, 191, 195, 199, 202, 206, 210, 214, 218, 221, 225, 229, 232, 236, 240, 244, 248, 251, 255, 259, 262, 266, 270, 274, 278, 281, 285, 289, 292, 296]",381862cb119cdf42c42e8fb39b02e93d7c139026507d103bca5f8c15e6ef611e
datasets/vatex_bank/ZA7Zf0LdIEI.mp4,ZA7Zf0LdIEI,real,VATEX,30.0,10.0,300,"[0, 4, 8, 11, 15, 19, 22, 26, 30, 34, 38, 41, 45, 49, 52, 56, 60, 64, 68, 71, 75, 79, 82, 86, 90, 94, 98, 101, 105, 109, 112, 116, 120, 124, 128, 131, 135, 139, 142, 146, 150, 154, 158, 161, 165, 169, 172, 176, 180, 184, 188, 191, 195, 199, 202, 206, 210, 214, 218, 221, 225, 229, 232, 236, 240, 244, 248, 251, 255, 259, 262, 266, 270, 274, 278, 281, 285, 289, 292, 296]",73e8f2ccd3c373c9e7e3fbb2eb7fd59b6d37e3d3d8448d7115d2249d9918aad5
datasets/vatex_bank/B1INZnvSW_s.mp4,B1INZnvSW_s,real,VATEX,30.0,6.2,186,"[0, 4, 8, 11, 15, 19, 22, 26, 30, 34, 38, 41, 45, 49, 52, 56, 60, 64, 68, 71, 75, 79, 82, 86, 90, 94, 98, 101, 105, 109, 112, 116, 120, 124, 128, 131, 135, 139, 142, 146, 150, 154, 158, 161, 165, 169, 172, 176, 180, 184]",7d03e092d1e771696a48363c0c924792345920482b11c113972b809597b8e3c1
datasets/vatex_bank/vaFYLmIqNQ0.mp4,vaFYLmIqNQ0,real,VATEX,30.0,10.0,300,"[0, 4, 8, 11, 15, 19, 22, 26, 30, 34, 38, 41, 45, 49, 52, 56, 60, 64, 68, 71, 75, 79, 82, 86, 90, 94, 98, 101, 105, 109, 112, 116, 120, 124, 128, 131, 135, 139, 142, 146, 150, 154, 158, 161, 165, 169, 172, 176, 180, 184, 188, 191, 195, 199, 202, 206, 210, 214, 218, 221, 225, 229, 232, 236, 240, 244, 248, 251, 255, 259, 262, 266, 270, 274, 278, 281, 285, 289, 292, 296]",d2ecaf611cec414d0c89d6e7ec68c64eca65f17c0c6bca79c5afe5f939bd8e05
datasets/vatex_bank/v45pxMKde2c.mp4,v45pxMKde2c,real,VATEX,29.764,9.978498,297,"[0, 4, 7, 11, 15, 19, 22, 26, 30, 33, 37, 41, 45, 48, 52, 56, 60, 63, 67, 71, 74, 78, 82, 86, 89, 93, 97, 100, 104, 108, 112, 115, 119, 123, 126, 130, 134, 138, 141, 145, 149, 153, 156, 160, 164, 167, 171, 175, 179, 182, 186, 190, 193, 197, 201, 205, 208, 212, 216, 220, 223, 227, 231, 234, 238, 242, 246, 249, 253, 257, 260, 264, 268, 272, 275, 279, 283, 286, 290, 294]",554a4e155768224a6a652ef5c4df9962852250932b00a676957a784273bbe55a
datasets/vatex_bank/qlucHuYtWlo.mp4,qlucHuYtWlo,real,VATEX,29.97,10.01001,300,"[0, 4, 7, 11, 15, 19, 22, 26, 30, 34, 37, 41, 45, 49, 52, 56, 60, 64, 67, 71, 75, 79, 82, 86, 90, 94, 97, 101, 105, 109, 112, 116, 120, 124, 127, 131, 135, 139, 142, 146, 150, 154, 157, 161, 165, 169, 172, 176, 180, 184, 187, 191, 195, 199, 202, 206, 210, 214, 217, 221, 225, 229, 232, 236, 240, 244, 247, 251, 255, 258, 262, 266, 270, 273, 277, 281, 285, 288, 292, 296]",b9474b35250b66b60e6b9a0298461d6fb20f472111937a6b10b76de39fface6e
datasets/vatex_bank/gWDyfGfWIqQ.mp4,gWDyfGfWIqQ,real,VATEX,30.0,10.0,300,"[0, 4, 8, 11, 15, 19, 22, 26, 30, 34, 38, 41, 45, 49, 52, 56, 60, 64, 68, 71, 75, 79, 82, 86, 90, 94, 98, 101, 105, 109, 112, 116, 120, 124, 128, 131, 135, 139, 142, 146, 150, 154, 158, 161, 165, 169, 172, 176, 180, 184, 188, 191, 195, 199, 202, 206, 210, 214, 218, 221, 225, 229, 232, 236, 240, 244, 248, 251, 255, 259, 262, 266, 270, 274, 278, 281, 285, 289, 292, 296]",2d6622269580d36ee58f5fafe3d359f4f86c6b72ceb2240f6409400a58142f1b
datasets/vatex_bank/xo9CeU0hcMI.mp4,xo9CeU0hcMI,real,VATEX,30.0,10.0,300,"[0, 4, 8, 11, 15, 19, 22, 26, 30, 34, 38, 41, 45, 49, 52, 56, 60, 64, 68, 71, 75, 79, 82, 86, 90, 94, 98, 101, 105, 109, 112, 116, 120, 124, 128, 131, 135, 139, 142, 146, 150, 154, 158, 161, 165, 169, 172, 176, 180, 184, 188, 191, 195, 199, 202, 206, 210, 214, 218, 221, 225, 229, 232, 236, 240, 244, 248, 251, 255, 259, 262, 266, 270, 274, 278, 281, 285, 289, 292, 296]",4c07754d5048e8030f6d5ad65ffb4fa6ec304c61466a93c305983912a7b7195d
datasets/vatex_bank/nw42lYjkYMo.mp4,nw42lYjkYMo,real,VATEX,15.0,10.0,150,"[0, 2, 4, 6, 8, 9, 11, 13, 15, 17, 19, 21, 22, 24, 26, 28, 30, 32, 34, 36, 38, 39, 41, 43, 45, 47, 49, 51, 52, 54, 56, 58, 60, 62, 64, 66, 68, 69, 71, 73, 75, 77, 79, 81, 82, 84, 86, 88, 90, 92, 94, 96, 98, 99, 101, 103, 105, 107, 109, 111, 112, 114, 116, 118, 120, 122, 124, 126, 128, 129, 131, 133, 135, 137, 139, 141, 142, 144, 146, 148]",c3bbd7441fa3ef39ed4f90dac9b0c8110f6e2653a0d307e50e65e82477ea4422
datasets/vatex_bank/hMdHn8_9SG4.mp4,hMdHn8_9SG4,real,VATEX,30.0,9.1,273,"[0, 4, 8, 11, 15, 19, 22, 26, 30, 34, 38, 41, 45, 49, 52, 56, 60, 64, 68, 71, 75, 79, 82, 86, 90, 94, 98, 101, 105, 109, 112, 116, 120, 124, 128, 131, 135, 139, 142, 146, 150, 154, 158, 161, 165, 169, 172, 176, 180, 184, 188, 191, 195, 199, 202, 206, 210, 214, 218, 221, 225, 229, 232, 236, 240, 244, 248, 251, 255, 259, 262, 266, 270]",ccf0b29b3142384938e7a6a45384aa06a628482a1a8c7d0528c32bd9f6715f75
datasets/vatex_bank/yekMo_M4wTQ.mp4,yekMo_M4wTQ,real,VATEX,30.0,10.0,300,"[0, 4, 8, 11, 15, 19, 22, 26, 30, 34, 38, 41, 45, 49, 52, 56, 60, 64, 68, 71, 75, 79, 82, 86, 90, 94, 98, 101, 105, 109, 112, 116, 120, 124, 128, 131, 135, 139, 142, 146, 150, 154, 158, 161, 165, 169, 172, 176, 180, 184, 188, 191, 195, 199, 202, 206, 210, 214, 218, 221, 225, 229, 232, 236, 240, 244, 248, 251, 255, 259, 262, 266, 270, 274, 278, 281, 285, 289, 292, 296]",4ca2963cdaf431617ec75d9c6dd7a16bfa711cc0d89bea1558b78fbf040ebc9d
datasets/vatex_bank/yF34Pg30MiI.mp4,yF34Pg30MiI,real,VATEX,29.97002997002997,10.01,300,"[0, 4, 7, 11, 15, 19, 22, 26, 30, 34, 37, 41, 45, 49, 52, 56, 60, 64, 67, 71, 75, 79, 82, 86, 90, 94, 97, 101, 105, 109, 112, 116, 120, 124, 127, 131, 135, 139, 142, 146, 150, 154, 157, 161, 165, 169, 172, 176, 180, 184, 187, 191, 195, 199, 202, 206, 210, 214, 217, 221, 225, 229, 232, 236, 240, 244, 247, 251, 255, 258, 262, 266, 270, 273, 277, 281, 285, 288, 292, 296]",d5e7e426df08a4761060fc327141e0e92783edcc757b13e33b780c11ca399f68
datasets/vatex_bank/_UZpaTEWXuA.mp4,_UZpaTEWXuA,real,VATEX,30.0,10.0,300,"[0, 4, 8, 11, 15, 19, 22, 26, 30, 34, 38, 41, 45, 49, 52, 56, 60, 64, 68, 71, 75, 79, 82, 86, 90, 94, 98, 101, 105, 109, 112, 116, 120, 124, 128, 131, 135, 139, 142, 146, 150, 154, 158, 161, 165, 169, 172, 176, 180, 184, 188, 191, 195, 199, 202, 206, 210, 214, 218, 221, 225, 229, 232, 236, 240, 244, 248, 251, 255, 259, 262, 266, 270, 274, 278, 281, 285, 289, 292, 296]",dd80e326da52a757788b52f17b1cf182b68fe41cad46d30ec7f182c0667bdfcf
datasets/vatex_bank/m3KY3US8w2Q.mp4,m3KY3US8w2Q,real,VATEX,13.352,10.03595,134,"[0, 2, 3, 5, 7, 8, 10, 12, 13, 15, 17, 18, 20, 22, 23, 25, 27, 28, 30, 32, 33, 35, 37, 38, 40, 42, 43, 45, 47, 48, 50, 52, 53, 55, 57, 58, 60, 62, 63, 65, 67, 68, 70, 72, 73, 75, 77, 78, 80, 82, 83, 85, 87, 88, 90, 92, 93, 95, 97, 98, 100, 102, 103, 105, 107, 108, 110, 112, 113, 115, 117, 118, 120, 122, 124, 125, 127, 129, 130, 132]",12606ab495e6422a6f62621922619640d14dcc997d7e410828fc5939d2324185
datasets/vatex_bank/nDng3cvB3j8.mp4,nDng3cvB3j8,real,VATEX,29.97002997002997,9.976633,299,"[0, 4, 7, 11, 15, 19, 22, 26, 30, 34, 37, 41, 45, 49, 52, 56, 60, 64, 67, 71, 75, 79, 82, 86, 90, 94, 97, 101, 105, 109, 112, 116, 120, 124, 127, 131, 135, 139, 142, 146, 150, 154, 157, 161, 165, 169, 172, 176, 180, 184, 187, 191, 195, 199, 202, 206, 210, 214, 217, 221, 225, 229, 232, 236, 240, 244, 247, 251, 255, 258, 262, 266, 270, 273, 277, 281, 285, 288, 292, 296]",2a6dfe6bfb22f04749196c1b25a0c8ff824726a407293ecbf627989fd869aa3e
datasets/vatex_bank/-VeGjwoVIsA.mp4,-VeGjwoVIsA,real,VATEX,30.0,10.0,300,"[0, 4, 8, 11, 15, 19, 22, 26, 30, 34, 38, 41, 45, 49, 52, 56, 60, 64, 68, 71, 75, 79, 82, 86, 90, 94, 98, 101, 105, 109, 112, 116, 120, 124, 128, 131, 135, 139, 142, 146, 150, 154, 158, 161, 165, 169, 172, 176, 180, 184, 188, 191, 195, 199, 202, 206, 210, 214, 218, 221, 225, 229, 232, 236, 240, 244, 248, 251, 255, 259, 262, 266, 270, 274, 278, 281, 285, 289, 292, 296]",cff56f827c7faa6f7b06271def09683e9412c9168fa46f7918349f3f977f6a16
datasets/vatex_bank/4n2jNU8LeGU.mp4,4n2jNU8LeGU,real,VATEX,29.97002997002997,10.01,300,"[0, 4, 7, 11, 15, 19, 22, 26, 30, 34, 37, 41, 45, 49, 52, 56, 60, 64, 67, 71, 75, 79, 82, 86, 90, 94, 97, 101, 105, 109, 112, 116, 120, 124, 127, 131, 135, 139, 142, 146, 150, 154, 157, 161, 165, 169, 172, 176, 180, 184, 187, 191, 195, 199, 202, 206, 210, 214, 217, 221, 225, 229, 232, 236, 240, 244, 247, 251, 255, 258, 262, 266, 270, 273, 277, 281, 285, 288, 292, 296]",9dc87c8b5f4c62cb002142131a55d162ad21fdd3051ee14c912b442444ecddb8
datasets/vatex_bank/3OpHDHamUTE.mp4,3OpHDHamUTE,real,VATEX,24.0,8.708333,209,"[0, 3, 6, 9, 12, 15, 18, 21, 24, 27, 30, 33, 36, 39, 42, 45, 48, 51, 54, 57, 60, 63, 66, 69, 72, 75, 78, 81, 84, 87, 90, 93, 96, 99, 102, 105, 108, 111, 114, 117, 120, 123, 126, 129, 132, 135, 138, 141, 144, 147, 150, 153, 156, 159, 162, 165, 168, 171, 174, 177, 180, 183, 186, 189, 192, 195, 198, 201, 204, 207]",72e3fb4ed596257924e20bc4dc423a08bbac628a15bda5fbd30ef52fe679e2a6
datasets/vatex_bank/EFg4kkSwE28.mp4,EFg4kkSwE28,real,VATEX,25.0,10.0,250,"[0, 3, 6, 9, 12, 16, 19, 22, 25, 28, 31, 34, 38, 41, 44, 47, 50, 53, 56, 59, 62, 66, 69, 72, 75, 78, 81, 84, 88, 91, 94, 97, 100, 103, 106, 109, 112, 116, 119, 122, 125, 128, 131, 134, 138, 141, 144, 147, 150, 153, 156, 159, 162, 166, 169, 172, 175, 178, 181, 184, 188, 191, 194, 197, 200, 203, 206, 209, 212, 216, 219, 222, 225, 228, 231, 234, 238, 241, 244, 247]",4b65557e17968f2c45b8b1a41b3762e095815899a3d98ce1d2f57c26740d446d
datasets/vatex_bank/ol6K_Xwjqhg.mp4,ol6K_Xwjqhg,real,VATEX,30.0,10.0,300,"[0, 4, 8, 11, 15, 19, 22, 26, 30, 34, 38, 41, 45, 49, 52, 56, 60, 64, 68, 71, 75, 79, 82, 86, 90, 94, 98, 101, 105, 109, 112, 116, 120, 124, 128, 131, 135, 139, 142, 146, 150, 154, 158, 161, 165, 169, 172, 176, 180, 184, 188, 191, 195, 199, 202, 206, 210, 214, 218, 221, 225, 229, 232, 236, 240, 244, 248, 251, 255, 259, 262, 266, 270, 274, 278, 281, 285, 289, 292, 296]",6170df85be8705c89d80d161cf3fd40cf0b0cc4913c67de3c612754890497e42
datasets/vatex_bank/pwCguMjX_3A.mp4,pwCguMjX_3A,real,VATEX,29.97002997002997,10.01,300,"[0, 4, 7, 11, 15, 19, 22, 26, 30, 34, 37, 41, 45, 49, 52, 56, 60, 64, 67, 71, 75, 79, 82, 86, 90, 94, 97, 101, 105, 109, 112, 116, 120, 124, 127, 131, 135, 139, 142, 146, 150, 154, 157, 161, 165, 169, 172, 176, 180, 184, 187, 191, 195, 199, 202, 206, 210, 214, 217, 221, 225, 229, 232, 236, 240, 244, 247, 251, 255, 258, 262, 266, 270, 273, 277, 281, 285, 288, 292, 296]",7386abf8761c73f5c65029c9448844ecddc0ba9036dbd362afb4d19014604930
datasets/vatex_bank/BPmkFmuz_2A.mp4,BPmkFmuz_2A,real,VATEX,30.0,10.0,300,"[0, 4, 8, 11, 15, 19, 22, 26, 30, 34, 38, 41, 45, 49, 52, 56, 60, 64, 68, 71, 75, 79, 82, 86, 90, 94, 98, 101, 105, 109, 112, 116, 120, 124, 128, 131, 135, 139, 142, 146, 150, 154, 158, 161, 165, 169, 172, 176, 180, 184, 188, 191, 195, 199, 202, 206, 210, 214, 218, 221, 225, 229, 232, 236, 240, 244, 248, 251, 255, 259, 262, 266, 270, 274, 278, 281, 285, 289, 292, 296]",290368be962fccc54c8879a91922f8c99110e0f675909201924b337776ca3f13
datasets/vatex_bank/Lyl1RjqZMNk.mp4,Lyl1RjqZMNk,real,VATEX,30.0,10.0,300,"[0, 4, 8, 11, 15, 19, 22, 26, 30, 34, 38, 41, 45, 49, 52, 56, 60, 64, 68, 71, 75, 79, 82, 86, 90, 94, 98, 101, 105, 109, 112, 116, 120, 124, 128, 131, 135, 139, 142, 146, 150, 154, 158, 161, 165, 169, 172, 176, 180, 184, 188, 191, 195, 199, 202, 206, 210, 214, 218, 221, 225, 229, 232, 236, 240, 244, 248, 251, 255, 259, 262, 266, 270, 274, 278, 281, 285, 289, 292, 296]",7288a5ba710baf3b04e63caaa32d03881bbdcfd503d12abd66aad20adcaab5d1
datasets/vatex_bank/adkK4b6wN1Y.mp4,adkK4b6wN1Y,real,VATEX,29.97002997002997,8.3083,249,"[0, 4, 7, 11, 15, 19, 22, 26, 30, 34, 37, 41, 45, 49, 52, 56, 60, 64, 67, 71, 75, 79, 82, 86, 90, 94, 97, 101, 105, 109, 112, 116, 120, 124, 127, 131, 135, 139, 142, 146, 150, 154, 157, 161, 165, 169, 172, 176, 180, 184, 187, 191, 195, 199, 202, 206, 210, 214, 217, 221, 225, 229, 232, 236, 240, 244, 247]",3e8b81aa3f7ce6f6a039a938fedefd6b131b9768e6098d4351a82b1e436843bf
datasets/vatex_bank/mbeex3mz4Do.mp4,mbeex3mz4Do,real,VATEX,30.0,10.0,300,"[0, 4, 8, 11, 15, 19, 22, 26, 30, 34, 38, 41, 45, 49, 52, 56, 60, 64, 68, 71, 75, 79, 82, 86, 90, 94, 98, 101, 105, 109, 112, 116, 120, 124, 128, 131, 135, 139, 142, 146, 150, 154, 158, 161, 165, 169, 172, 176, 180, 184, 188, 191, 195, 199, 202, 206, 210, 214, 218, 221, 225, 229, 232, 236, 240, 244, 248, 251, 255, 259, 262, 266, 270, 274, 278, 281, 285, 289, 292, 296]",be0f4e2b309c998a055ab13cbf3eadbfd4ef17729b10c8435d8a571e3defb23e
datasets/vatex_bank/bz5UY1-9QLI.mp4,bz5UY1-9QLI,real,VATEX,29.97002997002997,10.01,300,"[0, 4, 7, 11, 15, 19, 22, 26, 30, 34, 37, 41, 45, 49, 52, 56, 60, 64, 67, 71, 75, 79, 82, 86, 90, 94, 97, 101, 105, 109, 112, 116, 120, 124, 127, 131, 135, 139, 142, 146, 150, 154, 157, 161, 165, 169, 172, 176, 180, 184, 187, 191, 195, 199, 202, 206, 210, 214, 217, 221, 225, 229, 232, 236, 240, 244, 247, 251, 255, 258, 262, 266, 270, 273, 277, 281, 285, 288, 292, 296]",99154fb4faa475db57edcaab831b88d757e142767af43f6b684f1f0b7f034f0e
datasets/vatex_bank/P4kHwPv3jek.mp4,P4kHwPv3jek,real,VATEX,29.97002997002997,10.01,300,"[0, 4, 7, 11, 15, 19, 22, 26, 30, 34, 37, 41, 45, 49, 52, 56, 60, 64, 67, 71, 75, 79, 82, 86, 90, 94, 97, 101, 105, 109, 112, 116, 120, 124, 127, 131, 135, 139, 142, 146, 150, 154, 157, 161, 165, 169, 172, 176, 180, 184, 187, 191, 195, 199, 202, 206, 210, 214, 217, 221, 225, 229, 232, 236, 240, 244, 247, 251, 255, 258, 262, 266, 270, 273, 277, 281, 285, 288, 292, 296]",a224b18e0a6bf9b019f115d0a8b24584d9733547daab7a0615d04d0ac8efb346
datasets/vatex_bank/7pJjGqnu8Pg.mp4,7pJjGqnu8Pg,real,VATEX,29.97002997002997,9.976633,299,"[0, 4, 7, 11, 15, 19, 22, 26, 30, 34, 37, 41, 45, 49, 52, 56, 60, 64, 67, 71, 75, 79, 82, 86, 90, 94, 97, 101, 105, 109, 112, 116, 120, 124, 127, 131, 135, 139, 142, 146, 150, 154, 157, 161, 165, 169, 172, 176, 180, 184, 187, 191, 195, 199, 202, 206, 210, 214, 217, 221, 225, 229, 232, 236, 240, 244, 247, 251, 255, 258, 262, 266, 270, 273, 277, 281, 285, 288, 292, 296]",d5a2377095ea0cc1ca9ae70f1c4b69bf93b3445f684fb20c32d0ab30b9057ea5
datasets/vatex_bank/k2IYk5T_Wd8.mp4,k2IYk5T_Wd8,real,VATEX,29.97002997002997,8.141467,244,"[0, 4, 7, 11, 15, 19, 22, 26, 30, 34, 37, 41, 45, 49, 52, 56, 60, 64, 67, 71, 75, 79, 82, 86, 90, 94, 97, 101, 105, 109, 112, 116, 120, 124, 127, 131, 135, 139, 142, 146, 150, 154, 157, 161, 165, 169, 172, 176, 180, 184, 187, 191, 195, 199, 202, 206, 210, 214, 217, 221, 225, 229, 232, 236, 240]",a6609ebd243d2f9ea2009857a2ac3a44f530962a038ea33df932a23b6893f219
datasets/vatex_bank/wUVxf6GUTHM.mp4,wUVxf6GUTHM,real,VATEX,30.0,10.0,300,"[0, 4, 8, 11, 15, 19, 22, 26, 30, 34, 38, 41, 45, 49, 52, 56, 60, 64, 68, 71, 75, 79, 82, 86, 90, 94, 98, 101, 105, 109, 112, 116, 120, 124, 128, 131, 135, 139, 142, 146, 150, 154, 158, 161, 165, 169, 172, 176, 180, 184, 188, 191, 195, 199, 202, 206, 210, 214, 218, 221, 225, 229, 232, 236, 240, 244, 248, 251, 255, 259, 262, 266, 270, 274, 278, 281, 285, 289, 292, 296]",c0379669b7e3961a767d62aecba64cfb011b46043233aa671d3d241029129484
datasets/vatex_bank/5GXEjJjgGcc.mp4,5GXEjJjgGcc,real,VATEX,30.0,10.0,300,"[0, 4, 8, 11, 15, 19, 22, 26, 30, 34, 38, 41, 45, 49, 52, 56, 60, 64, 68, 71, 75, 79, 82, 86, 90, 94, 98, 101, 105, 109, 112, 116, 120, 124, 128, 131, 135, 139, 142, 146, 150, 154, 158, 161, 165, 169, 172, 176, 180, 184, 188, 191, 195, 199, 202, 206, 210, 214, 218, 221, 225, 229, 232, 236, 240, 244, 248, 251, 255, 259, 262, 266, 270, 274, 278, 281, 285, 289, 292, 296]",4c90b7395e5427b959608b4721ea7c398b6cf0bcc7ffe91ffc745a819fa34a28
datasets/vatex_bank/cs7lyb0h2fU.mp4,cs7lyb0h2fU,real,VATEX,29.66381015161503,9.978489,296,"[0, 4, 7, 11, 15, 19, 22, 26, 30, 33, 37, 41, 44, 48, 52, 56, 59, 63, 67, 70, 74, 78, 82, 85, 89, 93, 96, 100, 104, 108, 111, 115, 119, 122, 126, 130, 133, 137, 141, 145, 148, 152, 156, 159, 163, 167, 171, 174, 178, 182, 185, 189, 193, 197, 200, 204, 208, 211, 215, 219, 222, 226, 230, 234, 237, 241, 245, 248, 252, 256, 260, 263, 267, 271, 274, 278, 282, 286, 289, 293]",54c9b743b94e5a783ec7a52582e15f13c4bc6e436fc233a12b76ba489b4a114c
datasets/vatex_bank/y8laB8QDO1U.mp4,y8laB8QDO1U,real,VATEX,15.0,10.0,150,"[0, 2, 4, 6, 8, 9, 11, 13, 15, 17, 19, 21, 22, 24, 26, 28, 30, 32, 34, 36, 38, 39, 41, 43, 45, 47, 49, 51, 52, 54, 56, 58, 60, 62, 64, 66, 68, 69, 71, 73, 75, 77, 79, 81, 82, 84, 86, 88, 90, 92, 94, 96, 98, 99, 101, 103, 105, 107, 109, 111, 112, 114, 116, 118, 120, 122, 124, 126, 128, 129, 131, 133, 135, 137, 139, 141, 142, 144, 146, 148]",1db51fa58977731ee32bb466c452abd76454de60f87a332e7a7aa085d48ddc0e
datasets/vatex_bank/D8VS8x5T-BU.mp4,D8VS8x5T-BU,real,VATEX,29.292,10.002731,293,"[0, 4, 7, 11, 15, 18, 22, 26, 29, 33, 37, 40, 44, 48, 51, 55, 59, 62, 66, 70, 73, 77, 81, 84, 88, 92, 95, 99, 103, 106, 110, 114, 117, 121, 124, 128, 132, 135, 139, 143, 146, 150, 154, 157, 161, 165, 168, 172, 176, 179, 183, 187, 190, 194, 198, 201, 205, 209, 212, 216, 220, 223, 227, 231, 234, 238, 242, 245, 249, 253, 256, 260, 264, 267, 271, 275, 278, 282, 286, 289]",9bd3175e5a22dd11c15a2901b2f078b2e517bdd7e7e3259dd5c526185a204dde
datasets/vatex_bank/U1TgcKdAa7s.mp4,U1TgcKdAa7s,real,VATEX,10.446,10.051694,105,"[0, 1, 3, 4, 5, 7, 8, 9, 10, 12, 13, 14, 16, 17, 18, 20, 21, 22, 24, 25, 26, 27, 29, 30, 31, 33, 34, 35, 37, 38, 39, 40, 42, 43, 44, 46, 47, 48, 50, 51, 52, 54, 55, 56, 57, 59, 60, 61, 63, 64, 65, 67, 68, 69, 71, 72, 73, 74, 76, 77, 78, 80, 81, 82, 84, 85, 86, 87, 89, 90, 91, 93, 94, 95, 97, 98, 99, 101, 102, 103, 104]",f8146aa2192a43ea39aed3d7c643f26ffc7a7cb7373a3894a8f8ba916324bc65
datasets/vatex_bank/VXqSVV_-XB0.mp4,VXqSVV_-XB0,real,VATEX,29.97002997002997,10.01,300,"[0, 4, 7, 11, 15, 19, 22, 26, 30, 34, 37, 41, 45, 49, 52, 56, 60, 64, 67, 71, 75, 79, 82, 86, 90, 94, 97, 101, 105, 109, 112, 116, 120, 124, 127, 131, 135, 139, 142, 146, 150, 154, 157, 161, 165, 169, 172, 176, 180, 184, 187, 191, 195, 199, 202, 206, 210, 214, 217, 221, 225, 229, 232, 236, 240, 244, 247, 251, 255, 258, 262, 266, 270, 273, 277, 281, 285, 288, 292, 296]",12e9e7be7a219da14de95f83079651ba457069553890ded7a1b7199109694db7
datasets/vatex_bank/qJjYFagFYrM.mp4,qJjYFagFYrM,real,VATEX,23.976023976023978,10.01,240,"[0, 3, 6, 9, 12, 15, 18, 21, 24, 27, 30, 33, 36, 39, 42, 45, 48, 51, 54, 57, 60, 63, 66, 69, 72, 75, 78, 81, 84, 87, 90, 93, 96, 99, 102, 105, 108, 111, 114, 117, 120, 123, 126, 129, 132, 135, 138, 141, 144, 147, 150, 153, 156, 159, 162, 165, 168, 171, 174, 177, 180, 183, 186, 189, 192, 195, 198, 201, 204, 207, 210, 213, 216, 219, 222, 225, 228, 231, 234, 237]",b05d04f7b11387a500e793c2d77e0d84d17d79258565287436b1d7917bfa22d6
datasets/vatex_bank/r8oC6agekPY.mp4,r8oC6agekPY,real,VATEX,30.0,10.0,300,"[0, 4, 8, 11, 15, 19, 22, 26, 30, 34, 38, 41, 45, 49, 52, 56, 60, 64, 68, 71, 75, 79, 82, 86, 90, 94, 98, 101, 105, 109, 112, 116, 120, 124, 128, 131, 135, 139, 142, 146, 150, 154, 158, 161, 165, 169, 172, 176, 180, 184, 188, 191, 195, 199, 202, 206, 210, 214, 218, 221, 225, 229, 232, 236, 240, 244, 248, 251, 255, 259, 262, 266, 270, 274, 278, 281, 285, 289, 292, 296]",001e1a39bf67b27562d5c7235c849b4c431a1aca0e2942993dfcc3da7d4360ed
datasets/vatex_bank/4zh1vexljU0.mp4,4zh1vexljU0,real,VATEX,25.0,10.0,250,"[0, 3, 6, 9, 12, 16, 19, 22, 25, 28, 31, 34, 38, 41, 44, 47, 50, 53, 56, 59, 62, 66, 69, 72, 75, 78, 81, 84, 88, 91, 94, 97, 100, 103, 106, 109, 112, 116, 119, 122, 125, 128, 131, 134, 138, 141, 144, 147, 150, 153, 156, 159, 162, 166, 169, 172, 175, 178, 181, 184, 188, 191, 194, 197, 200, 203, 206, 209, 212, 216, 219, 222, 225, 228, 231, 234, 238, 241, 244, 247]",04de18851dc986eb94e4c740bbda7207394ec768eaa5fc4423fc2abe73aa26c9
datasets/vatex_bank/aj0YuCpyGho.mp4,aj0YuCpyGho,real,VATEX,29.97002997002997,10.01,300,"[0, 4, 7, 11, 15, 19, 22, 26, 30, 34, 37, 41, 45, 49, 52, 56, 60, 64, 67, 71, 75, 79, 82, 86, 90, 94, 97, 101, 105, 109, 112, 116, 120, 124, 127, 131, 135, 139, 142, 146, 150, 154, 157, 161, 165, 169, 172, 176, 180, 184, 187, 191, 195, 199, 202, 206, 210, 214, 217, 221, 225, 229, 232, 236, 240, 244, 247, 251, 255, 258, 262, 266, 270, 273, 277, 281, 285, 288, 292, 296]",bc7c9e03a5a0c5d3dc324dbb4c61f5ef2d1a12451805bcc9423836f16d162a0e
datasets/vatex_bank/sn2TKS2zqo0.mp4,sn2TKS2zqo0,real,VATEX,25.0,10.0,250,"[0, 3, 6, 9, 12, 16, 19, 22, 25, 28, 31, 34, 38, 41, 44, 47, 50, 53, 56, 59, 62, 66, 69, 72, 75, 78, 81, 84, 88, 91, 94, 97, 100, 103, 106, 109, 112, 116, 119, 122, 125, 128, 131, 134, 138, 141, 144, 147, 150, 153, 156, 159, 162, 166, 169, 172, 175, 178, 181, 184, 188, 191, 194, 197, 200, 203, 206, 209, 212, 216, 219, 222, 225, 228, 231, 234, 238, 241, 244, 247]",ccfd781be9768e3797c4fe0749f2a00920acb440536e93a898612580b986eeea
datasets/vatex_bank/oFgsUiOfSGM.mp4,oFgsUiOfSGM,real,VATEX,30.0,10.0,300,"[0, 4, 8, 11, 15, 19, 22, 26, 30, 34, 38, 41, 45, 49, 52, 56, 60, 64, 68, 71, 75, 79, 82, 86, 90, 94, 98, 101, 105, 109, 112, 116, 120, 124, 128, 131, 135, 139, 142, 146, 150, 154, 158, 161, 165, 169, 172, 176, 180, 184, 188, 191, 195, 199, 202, 206, 210, 214, 218, 221, 225, 229, 232, 236, 240, 244, 248, 251, 255, 259, 262, 266, 270, 274, 278, 281, 285, 289, 292, 296]",e2f3e8499b744931cba38ee718965cdfaf52f3e45c11fcef132135f57abfbd44
datasets/vatex_bank/Whcw37P5tuI.mp4,Whcw37P5tuI,real,VATEX,30.0,10.0,300,"[0, 4, 8, 11, 15, 19, 22, 26, 30, 34, 38, 41, 45, 49, 52, 56, 60, 64, 68, 71, 75, 79, 82, 86, 90, 94, 98, 101, 105, 109, 112, 116, 120, 124, 128, 131, 135, 139, 142, 146, 150, 154, 158, 161, 165, 169, 172, 176, 180, 184, 188, 191, 195, 199, 202, 206, 210, 214, 218, 221, 225, 229, 232, 236, 240, 244, 248, 251, 255, 259, 262, 266, 270, 274, 278, 281, 285, 289, 292, 296]",da3889f730c3d3ce3292d0d9694434e3f08f27864cd6f5e4dad44f2a0164771c
datasets/vatex_bank/IAOoAbm0YKY.mp4,IAOoAbm0YKY,real,VATEX,30.0,10.0,300,"[0, 4, 8, 11, 15, 19, 22, 26, 30, 34, 38, 41, 45, 49, 52, 56, 60, 64, 68, 71, 75, 79, 82, 86, 90, 94, 98, 101, 105, 109, 112, 116, 120, 124, 128, 131, 135, 139, 142, 146, 150, 154, 158, 161, 165, 169, 172, 176, 180, 184, 188, 191, 195, 199, 202, 206, 210, 214, 218, 221, 225, 229, 232, 236, 240, 244, 248, 251, 255, 259, 262, 266, 270, 274, 278, 281, 285, 289, 292, 296]",24e717469b6e26ae9b7c69fa8f1dd66b9346261748dc3bc6df513fd945cab216
datasets/vatex_bank/4kB4s3E7ibQ.mp4,4kB4s3E7ibQ,real,VATEX,30.0,10.0,300,"[0, 4, 8, 11, 15, 19, 22, 26, 30, 34, 38, 41, 45, 49, 52, 56, 60, 64, 68, 71, 75, 79, 82, 86, 90, 94, 98, 101, 105, 109, 112, 116, 120, 124, 128, 131, 135, 139, 142, 146, 150, 154, 158, 161, 165, 169, 172, 176, 180, 184, 188, 191, 195, 199, 202, 206, 210, 214, 218, 221, 225, 229, 232, 236, 240, 244, 248, 251, 255, 259, 262, 266, 270, 274, 278, 281, 285, 289, 292, 296]",fc342ed423991b5de351e4c9b146235e7721e72916654215c1eef39a00fe9019
datasets/vatex_bank/yki6_bTVB_4.mp4,yki6_bTVB_4,real,VATEX,30.0,2.0,60,"[0, 4, 8, 11, 15, 19, 22, 26, 30, 34, 38, 41, 45, 49, 52, 56]",62c4204a7c75ffd1261220ca813f6c509ffdd65583bd2399ed7b5497b1bfd019
datasets/vatex_bank/7ZVpK12_6k0.mp4,7ZVpK12_6k0,real,VATEX,30.0,9.366667,281,"[0, 4, 8, 11, 15, 19, 22, 26, 30, 34, 38, 41, 45, 49, 52, 56, 60, 64, 68, 71, 75, 79, 82, 86, 90, 94, 98, 101, 105, 109, 112, 116, 120, 124, 128, 131, 135, 139, 142, 146, 150, 154, 158, 161, 165, 169, 172, 176, 180, 184, 188, 191, 195, 199, 202, 206, 210, 214, 218, 221, 225, 229, 232, 236, 240, 244, 248, 251, 255, 259, 262, 266, 270, 274, 278]",16f99bf4c9554db98009b21b912084b7f8cce978c5d1c6ac366c39da33f76328
datasets/vatex_bank/XU5Tg_CHrW0.mp4,XU5Tg_CHrW0,real,VATEX,15.064836003051106,5.244,79,"[0, 2, 4, 6, 8, 9, 11, 13, 15, 17, 19, 21, 23, 24, 26, 28, 30, 32, 34, 36, 38, 40, 41, 43, 45, 47, 49, 51, 53, 55, 56, 58, 60, 62, 64, 66, 68, 70, 72, 73, 75, 77]",8f3b80a9332a246777839081d1a5766031cd54591a728a8e80a60469b469f1d7
datasets/vatex_bank/ouadelKe68A.mp4,ouadelKe68A,real,VATEX,30.0,10.0,300,"[0, 4, 8, 11, 15, 19, 22, 26, 30, 34, 38, 41, 45, 49, 52, 56, 60, 64, 68, 71, 75, 79, 82, 86, 90, 94, 98, 101, 105, 109, 112, 116, 120, 124, 128, 131, 135, 139, 142, 146, 150, 154, 158, 161, 165, 169, 172, 176, 180, 184, 188, 191, 195, 199, 202, 206, 210, 214, 218, 221, 225, 229, 232, 236, 240, 244, 248, 251, 255, 259, 262, 266, 270, 274, 278, 281, 285, 289, 292, 296]",d1224a2eea104ad991453ca7e103942a6c6ae181f5f1033a6b5497d784c38c4b
datasets/vatex_bank/nQJAlymtQt0.mp4,nQJAlymtQt0,real,VATEX,29.97002997002997,10.01,300,"[0, 4, 7, 11, 15, 19, 22, 26, 30, 34, 37, 41, 45, 49, 52, 56, 60, 64, 67, 71, 75, 79, 82, 86, 90, 94, 97, 101, 105, 109, 112, 116, 120, 124, 127, 131, 135, 139, 142, 146, 150, 154, 157, 161, 165, 169, 172, 176, 180, 184, 187, 191, 195, 199, 202, 206, 210, 214, 217, 221, 225, 229, 232, 236, 240, 244, 247, 251, 255, 258, 262, 266, 270, 273, 277, 281, 285, 288, 292, 296]",bb5df9f7ec837cdb6f3a69c3c5d38da00e4b227401f4922336e718c177c9823f
datasets/vatex_bank/7RcvHRFNw9Y.mp4,7RcvHRFNw9Y,real,VATEX,30.0,10.0,300,"[0, 4, 8, 11, 15, 19, 22, 26, 30, 34, 38, 41, 45, 49, 52, 56, 60, 64, 68, 71, 75, 79, 82, 86, 90, 94, 98, 101, 105, 109, 112, 116, 120, 124, 128, 131, 135, 139, 142, 146, 150, 154, 158, 161, 165, 169, 172, 176, 180, 184, 188, 191, 195, 199, 202, 206, 210, 214, 218, 221, 225, 229, 232, 236, 240, 244, 248, 251, 255, 259, 262, 266, 270, 274, 278, 281, 285, 289, 292, 296]",c85cac27d54520ad5456345d965d7e6c2e10fe1e86150090a5692f993b6ecde0
datasets/vatex_bank/-KBf8XXQVXM.mp4,-KBf8XXQVXM,real,VATEX,30.0,10.0,300,"[0, 4, 8, 11, 15, 19, 22, 26, 30, 34, 38, 41, 45, 49, 52, 56, 60, 64, 68, 71, 75, 79, 82, 86, 90, 94, 98, 101, 105, 109, 112, 116, 120, 124, 128, 131, 135, 139, 142, 146, 150, 154, 158, 161, 165, 169, 172, 176, 180, 184, 188, 191, 195, 199, 202, 206, 210, 214, 218, 221, 225, 229, 232, 236, 240, 244, 248, 251, 255, 259, 262, 266, 270, 274, 278, 281, 285, 289, 292, 296]",728838d16976ec791af087bb81b7c5853ee5f2cc8ae584878bc129a6dcdd95a1
datasets/vatex_bank/zLkTGglRlVE.mp4,zLkTGglRlVE,real,VATEX,29.97002997002997,10.01,300,"[0, 4, 7, 11, 15, 19, 22, 26, 30, 34, 37, 41, 45, 49, 52, 56, 60, 64, 67, 71, 75, 79, 82, 86, 90, 94, 97, 101, 105, 109, 112, 116, 120, 124, 127, 131, 135, 139, 142, 146, 150, 154, 157, 161, 165, 169, 172, 176, 180, 184, 187, 191, 195, 199, 202, 206, 210, 214, 217, 221, 225, 229, 232, 236, 240, 244, 247, 251, 255, 258, 262, 266, 270, 273, 277, 281, 285, 288, 292, 296]",60d39d305bf8de686c894d7271ba39e304968c480844cbb6fad55ca1dfae8454
datasets/vatex_bank/km8D1oLIyKg.mp4,km8D1oLIyKg,real,VATEX,19.0,10.0,190,"[0, 2, 5, 7, 10, 12, 14, 17, 19, 21, 24, 26, 28, 31, 33, 36, 38, 40, 43, 45, 48, 50, 52, 55, 57, 59, 62, 64, 66, 69, 71, 74, 76, 78, 81, 83, 86, 88, 90, 93, 95, 97, 100, 102, 104, 107, 109, 112, 114, 116, 119, 121, 124, 126, 128, 131, 133, 135, 138, 140, 142, 145, 147, 150, 152, 154, 157, 159, 162, 164, 166, 169, 171, 173, 176, 178, 180, 183, 185, 188]",c2189671245d1a6ae2324dbc1922da4904fe0d7cfd87c2d69720e70beabe9d49
datasets/vatex_bank/WApQkOxy58k.mp4,WApQkOxy58k,real,VATEX,24.0,10.0,240,"[0, 3, 6, 9, 12, 15, 18, 21, 24, 27, 30, 33, 36, 39, 42, 45, 48, 51, 54, 57, 60, 63, 66, 69, 72, 75, 78, 81, 84, 87, 90, 93, 96, 99, 102, 105, 108, 111, 114, 117, 120, 123, 126, 129, 132, 135, 138, 141, 144, 147, 150, 153, 156, 159, 162, 165, 168, 171, 174, 177, 180, 183, 186, 189, 192, 195, 198, 201, 204, 207, 210, 213, 216, 219, 222, 225, 228, 231, 234, 237]",47b8198f2115409289901307830e0b2defe71737252f8caeaa678bac12374d58
datasets/vatex_bank/roWbxnBInT8.mp4,roWbxnBInT8,real,VATEX,24.0,9.708333,233,"[0, 3, 6, 9, 12, 15, 18, 21, 24, 27, 30, 33, 36, 39, 42, 45, 48, 51, 54, 57, 60, 63, 66, 69, 72, 75, 78, 81, 84, 87, 90, 93, 96, 99, 102, 105, 108, 111, 114, 117, 120, 123, 126, 129, 132, 135, 138, 141, 144, 147, 150, 153, 156, 159, 162, 165, 168, 171, 174, 177, 180, 183, 186, 189, 192, 195, 198, 201, 204, 207, 210, 213, 216, 219, 222, 225, 228, 231]",7159f1e17bdcbf2f621fca614cead5647dfa5d2180f773d3375bd563a25dc756
datasets/vatex_bank/G4jVZ2xg2zw.mp4,G4jVZ2xg2zw,real,VATEX,30.0,10.0,300,"[0, 4, 8, 11, 15, 19, 22, 26, 30, 34, 38, 41, 45, 49, 52, 56, 60, 64, 68, 71, 75, 79, 82, 86, 90, 94, 98, 101, 105, 109, 112, 116, 120, 124, 128, 131, 135, 139, 142, 146, 150, 154, 158, 161, 165, 169, 172, 176, 180, 184, 188, 191, 195, 199, 202, 206, 210, 214, 218, 221, 225, 229, 232, 236, 240, 244, 248, 251, 255, 259, 262, 266, 270, 274, 278, 281, 285, 289, 292, 296]",d72f6eec52defe210d615bd9df5907b275afdce1894cf5a9d9144678826c78f6
datasets/vatex_bank/Lr7QCcuko2E.mp4,Lr7QCcuko2E,real,VATEX,29.97002997002997,10.01,300,"[0, 4, 7, 11, 15, 19, 22, 26, 30, 34, 37, 41, 45, 49, 52, 56, 60, 64, 67, 71, 75, 79, 82, 86, 90, 94, 97, 101, 105, 109, 112, 116, 120, 124, 127, 131, 135, 139, 142, 146, 150, 154, 157, 161, 165, 169, 172, 176, 180, 184, 187, 191, 195, 199, 202, 206, 210, 214, 217, 221, 225, 229, 232, 236, 240, 244, 247, 251, 255, 258, 262, 266, 270, 273, 277, 281, 285, 288, 292, 296]",2f1d59d76203e6e87d0402c094b1ddc77a0d92118ffb39d089b528ea24b11587
datasets/vatex_bank/5eU4wCuNW9I.mp4,5eU4wCuNW9I,real,VATEX,30.0,10.0,300,"[0, 4, 8, 11, 15, 19, 22, 26, 30, 34, 38, 41, 45, 49, 52, 56, 60, 64, 68, 71, 75, 79, 82, 86, 90, 94, 98, 101, 105, 109, 112, 116, 120, 124, 128, 131, 135, 139, 142, 146, 150, 154, 158, 161, 165, 169, 172, 176, 180, 184, 188, 191, 195, 199, 202, 206, 210, 214, 218, 221, 225, 229, 232, 236, 240, 244, 248, 251, 255, 259, 262, 266, 270, 274, 278, 281, 285, 289, 292, 296]",6881d3fd72cf9693bd0b2058db1eb3a4e8a00236baf3a0f148a63059a65e971a
datasets/vatex_bank/JEp2k627zJQ.mp4,JEp2k627zJQ,real,VATEX,24.0,10.0,240,"[0, 3, 6, 9, 12, 15, 18, 21, 24, 27, 30, 33, 36, 39, 42, 45, 48, 51, 54, 57, 60, 63, 66, 69, 72, 75, 78, 81, 84, 87, 90, 93, 96, 99, 102, 105, 108, 111, 114, 117, 120, 123, 126, 129, 132, 135, 138, 141, 144, 147, 150, 153, 156, 159, 162, 165, 168, 171, 174, 177, 180, 183, 186, 189, 192, 195, 198, 201, 204, 207, 210, 213, 216, 219, 222, 225, 228, 231, 234, 237]",7f5afd0809572d02e6e0e04c508be1decad12a6478dbd17936e5ba2c9f12390b
datasets/vatex_bank/wb875GGCiQc.mp4,wb875GGCiQc,real,VATEX,30.0,10.0,300,"[0, 4, 8, 11, 15, 19, 22, 26, 30, 34, 38, 41, 45, 49, 52, 56, 60, 64, 68, 71, 75, 79, 82, 86, 90, 94, 98, 101, 105, 109, 112, 116, 120, 124, 128, 131, 135, 139, 142, 146, 150, 154, 158, 161, 165, 169, 172, 176, 180, 184, 188, 191, 195, 199, 202, 206, 210, 214, 218, 221, 225, 229, 232, 236, 240, 244, 248, 251, 255, 259, 262, 266, 270, 274, 278, 281, 285, 289, 292, 296]",b2b3e11acef2366ba9e3df5823836b7e491d83e8c018618c8f73c215fddecae5
datasets/vatex_bank/zvWzFXOZwPE.mp4,zvWzFXOZwPE,real,VATEX,18.0,10.0,180,"[0, 2, 4, 7, 9, 11, 14, 16, 18, 20, 22, 25, 27, 29, 32, 34, 36, 38, 40, 43, 45, 47, 50, 52, 54, 56, 58, 61, 63, 65, 68, 70, 72, 74, 76, 79, 81, 83, 86, 88, 90, 92, 94, 97, 99, 101, 104, 106, 108, 110, 112, 115, 117, 119, 122, 124, 126, 128, 130, 133, 135, 137, 140, 142, 144, 146, 148, 151, 153, 155, 158, 160, 162, 164, 166, 169, 171, 173, 176, 178]",92c030b70abce32135968d496b6df301baf42c825c7550c8c28d5d1385e205ac
datasets/vatex_bank/qXeRjdoQ3pI.mp4,qXeRjdoQ3pI,real,VATEX,29.97002997002997,10.01,300,"[0, 4, 7, 11, 15, 19, 22, 26, 30, 34, 37, 41, 45, 49, 52, 56, 60, 64, 67, 71, 75, 79, 82, 86, 90, 94, 97, 101, 105, 109, 112, 116, 120, 124, 127, 131, 135, 139, 142, 146, 150, 154, 157, 161, 165, 169, 172, 176, 180, 184, 187, 191, 195, 199, 202, 206, 210, 214, 217, 221, 225, 229, 232, 236, 240, 244, 247, 251, 255, 258, 262, 266, 270, 273, 277, 281, 285, 288, 292, 296]",92305a1ce02bb6a0142bd8e6dffcbba7b2b819e1298975ce96d49ce2e717cf81
datasets/vatex_bank/sqOojwuFaFU.mp4,sqOojwuFaFU,real,VATEX,10.0,4.6,46,"[0, 1, 2, 4, 5, 6, 8, 9, 10, 11, 12, 14, 15, 16, 18, 19, 20, 21, 22, 24, 25, 26, 28, 29, 30, 31, 32, 34, 35, 36, 38, 39, 40, 41, 42, 44, 45]",ca3a5998530658b7535656b228c36d0c15a07178e29c358be6d6187716f54c2c
datasets/vatex_bank/fO7epp6cIyk.mp4,fO7epp6cIyk,real,VATEX,29.97002997002997,10.01,300,"[0, 4, 7, 11, 15, 19, 22, 26, 30, 34, 37, 41, 45, 49, 52, 56, 60, 64, 67, 71, 75, 79, 82, 86, 90, 94, 97, 101, 105, 109, 112, 116, 120, 124, 127, 131, 135, 139, 142, 146, 150, 154, 157, 161, 165, 169, 172, 176, 180, 184, 187, 191, 195, 199, 202, 206, 210, 214, 217, 221, 225, 229, 232, 236, 240, 244, 247, 251, 255, 258, 262, 266, 270, 273, 277, 281, 285, 288, 292, 296]",97f0fb8968503d215e86b8735c4464c107dd85dcea17a0aa6a96cbf56af5e7c8
datasets/vatex_bank/Tfg2jVnclPs.mp4,Tfg2jVnclPs,real,VATEX,25.0,10.0,250,"[0, 3, 6, 9, 12, 16, 19, 22, 25, 28, 31, 34, 38, 41, 44, 47, 50, 53, 56, 59, 62, 66, 69, 72, 75, 78, 81, 84, 88, 91, 94, 97, 100, 103, 106, 109, 112, 116, 119, 122, 125, 128, 131, 134, 138, 141, 144, 147, 150, 153, 156, 159, 162, 166, 169, 172, 175, 178, 181, 184, 188, 191, 194, 197, 200, 203, 206, 209, 212, 216, 219, 222, 225, 228, 231, 234, 238, 241, 244, 247]",ffad73bb8c47ec0cdf624d73c05a9ece9444150a2faad2b7b3122cfb9cc5b01d
datasets/vatex_bank/EbsLJqFjfhw.mp4,EbsLJqFjfhw,real,VATEX,30.0,10.0,300,"[0, 4, 8, 11, 15, 19, 22, 26, 30, 34, 38, 41, 45, 49, 52, 56, 60, 64, 68, 71, 75, 79, 82, 86, 90, 94, 98, 101, 105, 109, 112, 116, 120, 124, 128, 131, 135, 139, 142, 146, 150, 154, 158, 161, 165, 169, 172, 176, 180, 184, 188, 191, 195, 199, 202, 206, 210, 214, 218, 221, 225, 229, 232, 236, 240, 244, 248, 251, 255, 259, 262, 266, 270, 274, 278, 281, 285, 289, 292, 296]",10990c6ecc1d36378929ed89fd27a4835a92f18e7ffb19c7e994d19446c753c2
datasets/vatex_bank/mDcjwF_Bc28.mp4,mDcjwF_Bc28,real,VATEX,29.97002997002997,9.976633,299,"[0, 4, 7, 11, 15, 19, 22, 26, 30, 34, 37, 41, 45, 49, 52, 56, 60, 64, 67, 71, 75, 79, 82, 86, 90, 94, 97, 101, 105, 109, 112, 116, 120, 124, 127, 131, 135, 139, 142, 146, 150, 154, 157, 161, 165, 169, 172, 176, 180, 184, 187, 191, 195, 199, 202, 206, 210, 214, 217, 221, 225, 229, 232, 236, 240, 244, 247, 251, 255, 258, 262, 266, 270, 273, 277, 281, 285, 288, 292, 296]",aa894c15d78214b941c760f34e1d50eca16dc6a588f207dfad11b60f822cb729
datasets/vatex_bank/fajKTgNPHyc.mp4,fajKTgNPHyc,real,VATEX,15.0,10.0,150,"[0, 2, 4, 6, 8, 9, 11, 13, 15, 17, 19, 21, 22, 24, 26, 28, 30, 32, 34, 36, 38, 39, 41, 43, 45, 47, 49, 51, 52, 54, 56, 58, 60, 62, 64, 66, 68, 69, 71, 73, 75, 77, 79, 81, 82, 84, 86, 88, 90, 92, 94, 96, 98, 99, 101, 103, 105, 107, 109, 111, 112, 114, 116, 118, 120, 122, 124, 126, 128, 129, 131, 133, 135, 137, 139, 141, 142, 144, 146, 148]",e6e377bc2491fdb2785f31ec9ca6672110a077e1c4af5376e4831fdbb697f0b7
datasets/vatex_bank/tQq8jNV61Is.mp4,tQq8jNV61Is,real,VATEX,30.0,10.0,300,"[0, 4, 8, 11, 15, 19, 22, 26, 30, 34, 38, 41, 45, 49, 52, 56, 60, 64, 68, 71, 75, 79, 82, 86, 90, 94, 98, 101, 105, 109, 112, 116, 120, 124, 128, 131, 135, 139, 142, 146, 150, 154, 158, 161, 165, 169, 172, 176, 180, 184, 188, 191, 195, 199, 202, 206, 210, 214, 218, 221, 225, 229, 232, 236, 240, 244, 248, 251, 255, 259, 262, 266, 270, 274, 278, 281, 285, 289, 292, 296]",f47988c1886df49a6e06ca78e03b56731962255a6cf897446026af378abf8cb3
datasets/vatex_bank/9AgOYf8M5bs.mp4,9AgOYf8M5bs,real,VATEX,15.0,10.0,150,"[0, 2, 4, 6, 8, 9, 11, 13, 15, 17, 19, 21, 22, 24, 26, 28, 30, 32, 34, 36, 38, 39, 41, 43, 45, 47, 49, 51, 52, 54, 56, 58, 60, 62, 64, 66, 68, 69, 71, 73, 75, 77, 79, 81, 82, 84, 86, 88, 90, 92, 94, 96, 98, 99, 101, 103, 105, 107, 109, 111, 112, 114, 116, 118, 120, 122, 124, 126, 128, 129, 131, 133, 135, 137, 139, 141, 142, 144, 146, 148]",cde793bf6ebddf6a301b8ac038ba9a0bd47f02fa4331602103fe036e7de84272
datasets/vatex_bank/gPNVTRPxDCM.mp4,gPNVTRPxDCM,real,VATEX,15.0,10.0,150,"[0, 2, 4, 6, 8, 9, 11, 13, 15, 17, 19, 21, 22, 24, 26, 28, 30, 32, 34, 36, 38, 39, 41, 43, 45, 47, 49, 51, 52, 54, 56, 58, 60, 62, 64, 66, 68, 69, 71, 73, 75, 77, 79, 81, 82, 84, 86, 88, 90, 92, 94, 96, 98, 99, 101, 103, 105, 107, 109, 111, 112, 114, 116, 118, 120, 122, 124, 126, 128, 129, 131, 133, 135, 137, 139, 141, 142, 144, 146, 148]",6039b0006ee3ce243699734de0f4add4cde218771aaf5eba7b8054693a54d2b0
datasets/vatex_bank/975t902fWmQ.mp4,975t902fWmQ,real,VATEX,30.0,10.0,300,"[0, 4, 8, 11, 15, 19, 22, 26, 30, 34, 38, 41, 45, 49, 52, 56, 60, 64, 68, 71, 75, 79, 82, 86, 90, 94, 98, 101, 105, 109, 112, 116, 120, 124, 128, 131, 135, 139, 142, 146, 150, 154, 158, 161, 165, 169, 172, 176, 180, 184, 188, 191, 195, 199, 202, 206, 210, 214, 218, 221, 225, 229, 232, 236, 240, 244, 248, 251, 255, 259, 262, 266, 270, 274, 278, 281, 285, 289, 292, 296]",1a70a0a33385bb79c09e03a1a3ff8968996bae246586365bc2b242878bd80d10
datasets/vatex_bank/Mx0LfNB5UpM.mp4,Mx0LfNB5UpM,real,VATEX,30.0,10.0,300,"[0, 4, 8, 11, 15, 19, 22, 26, 30, 34, 38, 41, 45, 49, 52, 56, 60, 64, 68, 71, 75, 79, 82, 86, 90, 94, 98, 101, 105, 109, 112, 116, 120, 124, 128, 131, 135, 139, 142, 146, 150, 154, 158, 161, 165, 169, 172, 176, 180, 184, 188, 191, 195, 199, 202, 206, 210, 214, 218, 221, 225, 229, 232, 236, 240, 244, 248, 251, 255, 259, 262, 266, 270, 274, 278, 281, 285, 289, 292, 296]",69c591855f9d1f9c1b026f7e7ce72228e45e0490716988279c3a1064027882c6
datasets/vatex_bank/YcJpj2BqEsE.mp4,YcJpj2BqEsE,real,VATEX,29.97002997002997,10.01,300,"[0, 4, 7, 11, 15, 19, 22, 26, 30, 34, 37, 41, 45, 49, 52, 56, 60, 64, 67, 71, 75, 79, 82, 86, 90, 94, 97, 101, 105, 109, 112, 116, 120, 124, 127, 131, 135, 139, 142, 146, 150, 154, 157, 161, 165, 169, 172, 176, 180, 184, 187, 191, 195, 199, 202, 206, 210, 214, 217, 221, 225, 229, 232, 236, 240, 244, 247, 251, 255, 258, 262, 266, 270, 273, 277, 281, 285, 288, 292, 296]",c95695bf74ba069552f53816bb671a4bd5a5e5e40bad8c50305622dc076f2674
datasets/vatex_bank/FWx9d8nPnJY.mp4,FWx9d8nPnJY,real,VATEX,30.0,10.0,300,"[0, 4, 8, 11, 15, 19, 22, 26, 30, 34, 38, 41, 45, 49, 52, 56, 60, 64, 68, 71, 75, 79, 82, 86, 90, 94, 98, 101, 105, 109, 112, 116, 120, 124, 128, 131, 135, 139, 142, 146, 150, 154, 158, 161, 165, 169, 172, 176, 180, 184, 188, 191, 195, 199, 202, 206, 210, 214, 218, 221, 225, 229, 232, 236, 240, 244, 248, 251, 255, 259, 262, 266, 270, 274, 278, 281, 285, 289, 292, 296]",b0c4f28cee5aa1badb0120b260e592ba68650a5ff36b0518445ac2683e325fe7
datasets/vatex_bank/n1wn-npb4bQ.mp4,n1wn-npb4bQ,real,VATEX,30.0,10.0,300,"[0, 4, 8, 11, 15, 19, 22, 26, 30, 34, 38, 41, 45, 49, 52, 56, 60, 64, 68, 71, 75, 79, 82, 86, 90, 94, 98, 101, 105, 109, 112, 116, 120, 124, 128, 131, 135, 139, 142, 146, 150, 154, 158, 161, 165, 169, 172, 176, 180, 184, 188, 191, 195, 199, 202, 206, 210, 214, 218, 221, 225, 229, 232, 236, 240, 244, 248, 251, 255, 259, 262, 266, 270, 274, 278, 281, 285, 289, 292, 296]",d3544f0cbbd8c81dd20613dcb21068de9366557dead218b399617a8557cd850a
datasets/vatex_bank/RZNHLZa_OzI.mp4,RZNHLZa_OzI,real,VATEX,25.0,10.0,250,"[0, 3, 6, 9, 12, 16, 19, 22, 25, 28, 31, 34, 38, 41, 44, 47, 50, 53, 56, 59, 62, 66, 69, 72, 75, 78, 81, 84, 88, 91, 94, 97, 100, 103, 106, 109, 112, 116, 119, 122, 125, 128, 131, 134, 138, 141, 144, 147, 150, 153, 156, 159, 162, 166, 169, 172, 175, 178, 181, 184, 188, 191, 194, 197, 200, 203, 206, 209, 212, 216, 219, 222, 225, 228, 231, 234, 238, 241, 244, 247]",32dc6e6327c3b9d7025a30616f8694e951188a423426f0f97e7207617aa89a0d
datasets/vatex_bank/9bwMt8ami9g.mp4,9bwMt8ami9g,real,VATEX,29.97002997002997,10.01,300,"[0, 4, 7, 11, 15, 19, 22, 26, 30, 34, 37, 41, 45, 49, 52, 56, 60, 64, 67, 71, 75, 79, 82, 86, 90, 94, 97, 101, 105, 109, 112, 116, 120, 124, 127, 131, 135, 139, 142, 146, 150, 154, 157, 161, 165, 169, 172, 176, 180, 184, 187, 191, 195, 199, 202, 206, 210, 214, 217, 221, 225, 229, 232, 236, 240, 244, 247, 251, 255, 258, 262, 266, 270, 273, 277, 281, 285, 288, 292, 296]",798f5d28063f696a197a496f1436c4073286f8df92b52e54756e28cdce07c948
datasets/vatex_bank/Im6a-JlRD1I.mp4,Im6a-JlRD1I,real,VATEX,29.97002997002997,9.976633,299,"[0, 4, 7, 11, 15, 19, 22, 26, 30, 34, 37, 41, 45, 49, 52, 56, 60, 64, 67, 71, 75, 79, 82, 86, 90, 94, 97, 101, 105, 109, 112, 116, 120, 124, 127, 131, 135, 139, 142, 146, 150, 154, 157, 161, 165, 169, 172, 176, 180, 184, 187, 191, 195, 199, 202, 206, 210, 214, 217, 221, 225, 229, 232, 236, 240, 244, 247, 251, 255, 258, 262, 266, 270, 273, 277, 281, 285, 288, 292, 296]",0ec569511ce326c07bc3afe4a1467471d7d50bd28a5c07ae48a4db640acf0b18
datasets/vatex_bank/R6b9FiRMWyQ.mp4,R6b9FiRMWyQ,real,VATEX,30.0,9.5,285,"[0, 4, 8, 11, 15, 19, 22, 26, 30, 34, 38, 41, 45, 49, 52, 56, 60, 64, 68, 71, 75, 79, 82, 86, 90, 94, 98, 101, 105, 109, 112, 116, 120, 124, 128, 131, 135, 139, 142, 146, 150, 154, 158, 161, 165, 169, 172, 176, 180, 184, 188, 191, 195, 199, 202, 206, 210, 214, 218, 221, 225, 229, 232, 236, 240, 244, 248, 251, 255, 259, 262, 266, 270, 274, 278, 281]",165287d7a5be160662188bbb1ebb11f8a664eb21cfffc0ad958c54dfe02054ee
datasets/vatex_bank/TWV8C7B27RM.mp4,TWV8C7B27RM,real,VATEX,30.0,10.0,300,"[0, 4, 8, 11, 15, 19, 22, 26, 30, 34, 38, 41, 45, 49, 52, 56, 60, 64, 68, 71, 75, 79, 82, 86, 90, 94, 98, 101, 105, 109, 112, 116, 120, 124, 128, 131, 135, 139, 142, 146, 150, 154, 158, 161, 165, 169, 172, 176, 180, 184, 188, 191, 195, 199, 202, 206, 210, 214, 218, 221, 225, 229, 232, 236, 240, 244, 248, 251, 255, 259, 262, 266, 270, 274, 278, 281, 285, 289, 292, 296]",1c97e68dbc1cfcfef064fbb752fe79f24044d95dce1d81ee011bff767ddc2d04
datasets/vatex_bank/RJJNyVozaCQ.mp4,RJJNyVozaCQ,real,VATEX,25.0,10.0,250,"[0, 3, 6, 9, 12, 16, 19, 22, 25, 28, 31, 34, 38, 41, 44, 47, 50, 53, 56, 59, 62, 66, 69, 72, 75, 78, 81, 84, 88, 91, 94, 97, 100, 103, 106, 109, 112, 116, 119, 122, 125, 128, 131, 134, 138, 141, 144, 147, 150, 153, 156, 159, 162, 166, 169, 172, 175, 178, 181, 184, 188, 191, 194, 197, 200, 203, 206, 209, 212, 216, 219, 222, 225, 228, 231, 234, 238, 241, 244, 247]",ee90c9cce770f9bb7405f803e17765cd5d5be83ac9dec376ad66251b47785f30
datasets/vatex_bank/JO8l9d6WehU.mp4,JO8l9d6WehU,real,VATEX,30.0,10.0,300,"[0, 4, 8, 11, 15, 19, 22, 26, 30, 34, 38, 41, 45, 49, 52, 56, 60, 64, 68, 71, 75, 79, 82, 86, 90, 94, 98, 101, 105, 109, 112, 116, 120, 124, 128, 131, 135, 139, 142, 146, 150, 154, 158, 161, 165, 169, 172, 176, 180, 184, 188, 191, 195, 199, 202, 206, 210, 214, 218, 221, 225, 229, 232, 236, 240, 244, 248, 251, 255, 259, 262, 266, 270, 274, 278, 281, 285, 289, 292, 296]",30fcd35c38e9ae4d9f098dd6bca6bbd1355bbd83b5ffe9cc6882055bba1e3bc0
datasets/vatex_bank/6hZC8cEONUw.mp4,6hZC8cEONUw,real,VATEX,29.97002997002997,10.01,300,"[0, 4, 7, 11, 15, 19, 22, 26, 30, 34, 37, 41, 45, 49, 52, 56, 60, 64, 67, 71, 75, 79, 82, 86, 90, 94, 97, 101, 105, 109, 112, 116, 120, 124, 127, 131, 135, 139, 142, 146, 150, 154, 157, 161, 165, 169, 172, 176, 180, 184, 187, 191, 195, 199, 202, 206, 210, 214, 217, 221, 225, 229, 232, 236, 240, 244, 247, 251, 255, 258, 262, 266, 270, 273, 277, 281, 285, 288, 292, 296]",bc307d971aee0d2b141e4a6a43d3415f0ce35b0bb99eda06c9897591de6d640b
datasets/vatex_bank/1u2GWe1hxk0.mp4,1u2GWe1hxk0,real,VATEX,30.0,10.0,300,"[0, 4, 8, 11, 15, 19, 22, 26, 30, 34, 38, 41, 45, 49, 52, 56, 60, 64, 68, 71, 75, 79, 82, 86, 90, 94, 98, 101, 105, 109, 112, 116, 120, 124, 128, 131, 135, 139, 142, 146, 150, 154, 158, 161, 165, 169, 172, 176, 180, 184, 188, 191, 195, 199, 202, 206, 210, 214, 218, 221, 225, 229, 232, 236, 240, 244, 248, 251, 255, 259, 262, 266, 270, 274, 278, 281, 285, 289, 292, 296]",a9342de39f2fc6f0d808875f841dde199c4f4eb6adc9bd3f213fccee160a2c45
datasets/vatex_bank/5duJi6hWHsU.mp4,5duJi6hWHsU,real,VATEX,30.0,10.0,300,"[0, 4, 8, 11, 15, 19, 22, 26, 30, 34, 38, 41, 45, 49, 52, 56, 60, 64, 68, 71, 75, 79, 82, 86, 90, 94, 98, 101, 105, 109, 112, 116, 120, 124, 128, 131, 135, 139, 142, 146, 150, 154, 158, 161, 165, 169, 172, 176, 180, 184, 188, 191, 195, 199, 202, 206, 210, 214, 218, 221, 225, 229, 232, 236, 240, 244, 248, 251, 255, 259, 262, 266, 270, 274, 278, 281, 285, 289, 292, 296]",7468ef0b13646f3637a68d2e6f684a03ab7833f147b129944b04bd08f1e8f041
datasets/vatex_bank/-69fv12bMdk.mp4,-69fv12bMdk,real,VATEX,30.0,10.0,300,"[0, 4, 8, 11, 15, 19, 22, 26, 30, 34, 38, 41, 45, 49, 52, 56, 60, 64, 68, 71, 75, 79, 82, 86, 90, 94, 98, 101, 105, 109, 112, 116, 120, 124, 128, 131, 135, 139, 142, 146, 150, 154, 158, 161, 165, 169, 172, 176, 180, 184, 188, 191, 195, 199, 202, 206, 210, 214, 218, 221, 225, 229, 232, 236, 240, 244, 248, 251, 255, 259, 262, 266, 270, 274, 278, 281, 285, 289, 292, 296]",40a809a45691b63fc825c0164ddcc83ab90990b0ea80b6258b1d7aad30382fb1
datasets/vatex_bank/X1cA5k8LOaU.mp4,X1cA5k8LOaU,real,VATEX,30.0,3.2,96,"[0, 4, 8, 11, 15, 19, 22, 26, 30, 34, 38, 41, 45, 49, 52, 56, 60, 64, 68, 71, 75, 79, 82, 86, 90, 94]",a245e67261f8f8d87f1a03ae72e929b1aa2e957dd0c91f03c43255a1ee87e6cb
datasets/vatex_bank/WNX2NAuhy3Q.mp4,WNX2NAuhy3Q,real,VATEX,29.261001517450683,9.979153,292,"[0, 4, 7, 11, 15, 18, 22, 26, 29, 33, 37, 40, 44, 48, 51, 55, 59, 62, 66, 69, 73, 77, 80, 84, 88, 91, 95, 99, 102, 106, 110, 113, 117, 121, 124, 128, 132, 135, 139, 143, 146, 150, 154, 157, 161, 165, 168, 172, 176, 179, 183, 187, 190, 194, 198, 201, 205, 208, 212, 216, 219, 223, 227, 230, 234, 238, 241, 245, 249, 252, 256, 260, 263, 267, 271, 274, 278, 282, 285, 289]",68c3be52da14c05a4b73c8a6b51cd5b470a09a48a9ae55ba398c079217c95b79
datasets/vatex_bank/kls49ccUQ3w.mp4,kls49ccUQ3w,real,VATEX,24.0,10.0,240,"[0, 3, 6, 9, 12, 15, 18, 21, 24, 27, 30, 33, 36, 39, 42, 45, 48, 51, 54, 57, 60, 63, 66, 69, 72, 75, 78, 81, 84, 87, 90, 93, 96, 99, 102, 105, 108, 111, 114, 117, 120, 123, 126, 129, 132, 135, 138, 141, 144, 147, 150, 153, 156, 159, 162, 165, 168, 171, 174, 177, 180, 183, 186, 189, 192, 195, 198, 201, 204, 207, 210, 213, 216, 219, 222, 225, 228, 231, 234, 237]",4ce30269c365be33f7467b2956f0718e2049783700f53a01669a23309b102541
datasets/vatex_bank/a2qiOPftsgk.mp4,a2qiOPftsgk,real,VATEX,10.002,9.998,100,"[0, 1, 3, 4, 5, 6, 8, 9, 10, 11, 13, 14, 15, 16, 18, 19, 20, 21, 23, 24, 25, 26, 28, 29, 30, 31, 33, 34, 35, 36, 38, 39, 40, 41, 43, 44, 45, 46, 48, 49, 50, 51, 53, 54, 55, 56, 58, 59, 60, 61, 63, 64, 65, 66, 68, 69, 70, 71, 73, 74, 75, 76, 78, 79, 80, 81, 83, 84, 85, 86, 88, 89, 90, 91, 93, 94, 95, 96, 98, 99]",94cbcd2d74f9d80cc8eb807d5cd0420c956aa7fe5a56652d51d06941a185b3e5
datasets/vatex_bank/_fHRUCQTdD4.mp4,_fHRUCQTdD4,real,VATEX,15.0,10.0,150,"[0, 2, 4, 6, 8, 9, 11, 13, 15, 17, 19, 21, 22, 24, 26, 28, 30, 32, 34, 36, 38, 39, 41, 43, 45, 47, 49, 51, 52, 54, 56, 58, 60, 62, 64, 66, 68, 69, 71, 73, 75, 77, 79, 81, 82, 84, 86, 88, 90, 92, 94, 96, 98, 99, 101, 103, 105, 107, 109, 111, 112, 114, 116, 118, 120, 122, 124, 126, 128, 129, 131, 133, 135, 137, 139, 141, 142, 144, 146, 148]",60a3700efc07485452b943b637a11b6bc4be15f066a2a41ec212c3ecdb4db4ea
datasets/vatex_bank/SJfxkFQjS8o.mp4,SJfxkFQjS8o,real,VATEX,29.97002997002997,10.01,300,"[0, 4, 7, 11, 15, 19, 22, 26, 30, 34, 37, 41, 45, 49, 52, 56, 60, 64, 67, 71, 75, 79, 82, 86, 90, 94, 97, 101, 105, 109, 112, 116, 120, 124, 127, 131, 135, 139, 142, 146, 150, 154, 157, 161, 165, 169, 172, 176, 180, 184, 187, 191, 195, 199, 202, 206, 210, 214, 217, 221, 225, 229, 232, 236, 240, 244, 247, 251, 255, 258, 262, 266, 270, 273, 277, 281, 285, 288, 292, 296]",c2daa1cd249d98845498ecbbae45cd80cc92f71dbcc691c77eea48a5e169970e
datasets/vatex_bank/xFO0lEzQkQI.mp4,xFO0lEzQkQI,real,VATEX,29.97002997002997,10.01,300,"[0, 4, 7, 11, 15, 19, 22, 26, 30, 34, 37, 41, 45, 49, 52, 56, 60, 64, 67, 71, 75, 79, 82, 86, 90, 94, 97, 101, 105, 109, 112, 116, 120, 124, 127, 131, 135, 139, 142, 146, 150, 154, 157, 161, 165, 169, 172, 176, 180, 184, 187, 191, 195, 199, 202, 206, 210, 214, 217, 221, 225, 229, 232, 236, 240, 244, 247, 251, 255, 258, 262, 266, 270, 273, 277, 281, 285, 288, 292, 296]",12f56a1b2f37d3adcd56640b458dd3015efadcc1569bdeba901a4d55e7108b79
datasets/vatex_bank/y2AGetPfUYU.mp4,y2AGetPfUYU,real,VATEX,28.918,9.993776,289,"[0, 4, 7, 11, 14, 18, 22, 25, 29, 33, 36, 40, 43, 47, 51, 54, 58, 61, 65, 69, 72, 76, 80, 83, 87, 90, 94, 98, 101, 105, 108, 112, 116, 119, 123, 127, 130, 134, 137, 141, 145, 148, 152, 155, 159, 163, 166, 170, 174, 177, 181, 184, 188, 192, 195, 199, 202, 206, 210, 213, 217, 220, 224, 228, 231, 235, 239, 242, 246, 249, 253, 257, 260, 264, 267, 271, 275, 278, 282, 286]",35415618f4c66f274419bd38f32fdacdd22af18dd101f5491a129e8af2e4d3b0
datasets/vatex_bank/bk5EoSdiZXs.mp4,bk5EoSdiZXs,real,VATEX,29.97002997002997,10.01,300,"[0, 4, 7, 11, 15, 19, 22, 26, 30, 34, 37, 41, 45, 49, 52, 56, 60, 64, 67, 71, 75, 79, 82, 86, 90, 94, 97, 101, 105, 109, 112, 116, 120, 124, 127, 131, 135, 139, 142, 146, 150, 154, 157, 161, 165, 169, 172, 176, 180, 184, 187, 191, 195, 199, 202, 206, 210, 214, 217, 221, 225, 229, 232, 236, 240, 244, 247, 251, 255, 258, 262, 266, 270, 273, 277, 281, 285, 288, 292, 296]",07392bb1c7ce8710c0daae97e3edbe59c5aa57f83a67ccb5b4384b62208d6452
datasets/vatex_bank/Uw_Gdhab96s.mp4,Uw_Gdhab96s,real,VATEX,10.0,3.9,39,"[0, 1, 2, 4, 5, 6, 8, 9, 10, 11, 12, 14, 15, 16, 18, 19, 20, 21, 22, 24, 25, 26, 28, 29, 30, 31, 32, 34, 35, 36, 38]",7ed41c29a3b806fed689a8bce59d3cc0112b8e0f844847d906e1047da4b76635
datasets/vatex_bank/un7TxBVYCKU.mp4,un7TxBVYCKU,real,VATEX,25.0,10.0,250,"[0, 3, 6, 9, 12, 16, 19, 22, 25, 28, 31, 34, 38, 41, 44, 47, 50, 53, 56, 59, 62, 66, 69, 72, 75, 78, 81, 84, 88, 91, 94, 97, 100, 103, 106, 109, 112, 116, 119, 122, 125, 128, 131, 134, 138, 141, 144, 147, 150, 153, 156, 159, 162, 166, 169, 172, 175, 178, 181, 184, 188, 191, 194, 197, 200, 203, 206, 209, 212, 216, 219, 222, 225, 228, 231, 234, 238, 241, 244, 247]",5f1a7e237d284a2f167a06b00b086ea33b996ff0b2a06636c88d5abfa46c07fd
datasets/vatex_bank/-sOEbLIb0jw.mp4,-sOEbLIb0jw,real,VATEX,29.808,10.030864,299,"[0, 4, 7, 11, 15, 19, 22, 26, 30, 34, 37, 41, 45, 48, 52, 56, 60, 63, 67, 71, 75, 78, 82, 86, 89, 93, 97, 101, 104, 108, 112, 116, 119, 123, 127, 130, 134, 138, 142, 145, 149, 153, 156, 160, 164, 168, 171, 175, 179, 183, 186, 190, 194, 197, 201, 205, 209, 212, 216, 220, 224, 227, 231, 235, 238, 242, 246, 250, 253, 257, 261, 265, 268, 272, 276, 279, 283, 287, 291, 294, 298]",9c452d51bb98e31163be91616c0ccd8f050b115d606742c071e307249a40a3f8
datasets/vatex_bank/Z7BDwuckFqE.mp4,Z7BDwuckFqE,real,VATEX,29.97002997002997,10.01,300,"[0, 4, 7, 11, 15, 19, 22, 26, 30, 34, 37, 41, 45, 49, 52, 56, 60, 64, 67, 71, 75, 79, 82, 86, 90, 94, 97, 101, 105, 109, 112, 116, 120, 124, 127, 131, 135, 139, 142, 146, 150, 154, 157, 161, 165, 169, 172, 176, 180, 184, 187, 191, 195, 199, 202, 206, 210, 214, 217, 221, 225, 229, 232, 236, 240, 244, 247, 251, 255, 258, 262, 266, 270, 273, 277, 281, 285, 288, 292, 296]",686b5f388e43e509757cb6f0fefe9b30e0e9e06f0d97cd49c71a9081d52229c1
datasets/vatex_bank/xU_tK80mzKY.mp4,xU_tK80mzKY,real,VATEX,29.919,9.99365,299,"[0, 4, 7, 11, 15, 19, 22, 26, 30, 34, 37, 41, 45, 49, 52, 56, 60, 64, 67, 71, 75, 79, 82, 86, 90, 93, 97, 101, 105, 108, 112, 116, 120, 123, 127, 131, 135, 138, 142, 146, 150, 153, 157, 161, 165, 168, 172, 176, 180, 183, 187, 191, 194, 198, 202, 206, 209, 213, 217, 221, 224, 228, 232, 236, 239, 243, 247, 251, 254, 258, 262, 266, 269, 273, 277, 280, 284, 288, 292, 295]",f275ec0aac28400b7d3d84eb5baf50c81f832b68f57cacb2e367901216a41a55
datasets/vatex_bank/JoP6OUiUt2E.mp4,JoP6OUiUt2E,real,VATEX,29.97002997002997,10.01,300,"[0, 4, 7, 11, 15, 19, 22, 26, 30, 34, 37, 41, 45, 49, 52, 56, 60, 64, 67, 71, 75, 79, 82, 86, 90, 94, 97, 101, 105, 109, 112, 116, 120, 124, 127, 131, 135, 139, 142, 146, 150, 154, 157, 161, 165, 169, 172, 176, 180, 184, 187, 191, 195, 199, 202, 206, 210, 214, 217, 221, 225, 229, 232, 236, 240, 244, 247, 251, 255, 258, 262, 266, 270, 273, 277, 281, 285, 288, 292, 296]",dbc200408ad803ac33e519df99d2dea16aa11b6e4c378ffda75cf8eeb6f22f51
datasets/vatex_bank/B0qJyLpntgQ.mp4,B0qJyLpntgQ,real,VATEX,29.885,10.005019,299,"[0, 4, 7, 11, 15, 19, 22, 26, 30, 34, 37, 41, 45, 49, 52, 56, 60, 64, 67, 71, 75, 78, 82, 86, 90, 93, 97, 101, 105, 108, 112, 116, 120, 123, 127, 131, 134, 138, 142, 146, 149, 153, 157, 161, 164, 168, 172, 176, 179, 183, 187, 191, 194, 198, 202, 205, 209, 213, 217, 220, 224, 228, 232, 235, 239, 243, 247, 250, 254, 258, 261, 265, 269, 273, 276, 280, 284, 288, 291, 295]",b49e495a3d83461cd5a6c8bec3f0a9b645f4e1b74f18278d61dc56cadbd51369
datasets/vatex_bank/KIFaOwwR5_k.mp4,KIFaOwwR5_k,real,VATEX,29.97002997002997,9.642967,289,"[0, 4, 7, 11, 15, 19, 22, 26, 30, 34, 37, 41, 45, 49, 52, 56, 60, 64, 67, 71, 75, 79, 82, 86, 90, 94, 97, 101, 105, 109, 112, 116, 120, 124, 127, 131, 135, 139, 142, 146, 150, 154, 157, 161, 165, 169, 172, 176, 180, 184, 187, 191, 195, 199, 202, 206, 210, 214, 217, 221, 225, 229, 232, 236, 240, 244, 247, 251, 255, 258, 262, 266, 270, 273, 277, 281, 285, 288]",3e964ed8a9ce8c6bc84e13f81ea78592bc3e39460bb04c830b179d85c90a555b
datasets/vatex_bank/zFvz6S5KY4o.mp4,zFvz6S5KY4o,real,VATEX,29.97002997002997,9.009,270,"[0, 4, 7, 11, 15, 19, 22, 26, 30, 34, 37, 41, 45, 49, 52, 56, 60, 64, 67, 71, 75, 79, 82, 86, 90, 94, 97, 101, 105, 109, 112, 116, 120, 124, 127, 131, 135, 139, 142, 146, 150, 154, 157, 161, 165, 169, 172, 176, 180, 184, 187, 191, 195, 199, 202, 206, 210, 214, 217, 221, 225, 229, 232, 236, 240, 244, 247, 251, 255, 258, 262, 266]",4d2ea7babf49441d4e11788186fd5132aa2c1cded8408b6eee909f24e7077f40
datasets/vatex_bank/m4dNS_RN4gs.mp4,m4dNS_RN4gs,real,VATEX,30.0,10.0,300,"[0, 4, 8, 11, 15, 19, 22, 26, 30, 34, 38, 41, 45, 49, 52, 56, 60, 64, 68, 71, 75, 79, 82, 86, 90, 94, 98, 101, 105, 109, 112, 116, 120, 124, 128, 131, 135, 139, 142, 146, 150, 154, 158, 161, 165, 169, 172, 176, 180, 184, 188, 191, 195, 199, 202, 206, 210, 214, 218, 221, 225, 229, 232, 236, 240, 244, 248, 251, 255, 259, 262, 266, 270, 274, 278, 281, 285, 289, 292, 296]",5dece97510d5dd5e24d4b15eb5ee218bc0a0acb58d16e436b0c2e8cfd4ab1bc1
datasets/vatex_bank/NWKMZK9Pjpo.mp4,NWKMZK9Pjpo,real,VATEX,25.0,10.0,250,"[0, 3, 6, 9, 12, 16, 19, 22, 25, 28, 31, 34, 38, 41, 44, 47, 50, 53, 56, 59, 62, 66, 69, 72, 75, 78, 81, 84, 88, 91, 94, 97, 100, 103, 106, 109, 112, 116, 119, 122, 125, 128, 131, 134, 138, 141, 144, 147, 150, 153, 156, 159, 162, 166, 169, 172, 175, 178, 181, 184, 188, 191, 194, 197, 200, 203, 206, 209, 212, 216, 219, 222, 225, 228, 231, 234, 238, 241, 244, 247]",230926a89994c065e49df5b199ceaabea0aac2c7b14c5d9a02ed47c1a5c4d099
datasets/vatex_bank/2tWMAtR8lIo.mp4,2tWMAtR8lIo,real,VATEX,17.59,10.005685,176,"[0, 2, 4, 7, 9, 11, 13, 15, 18, 20, 22, 24, 26, 29, 31, 33, 35, 37, 40, 42, 44, 46, 48, 51, 53, 55, 57, 59, 62, 64, 66, 68, 70, 73, 75, 77, 79, 81, 84, 86, 88, 90, 92, 95, 97, 99, 101, 103, 106, 108, 110, 112, 114, 117, 119, 121, 123, 125, 128, 130, 132, 134, 136, 139, 141, 143, 145, 147, 150, 152, 154, 156, 158, 161, 163, 165, 167, 169, 172, 174]",dec61d8c1d36c6cf2bd102634a3e3bdf5d67460fce3f3623bcd7436930ea3278
datasets/vatex_bank/0jVorDbYBVs.mp4,0jVorDbYBVs,real,VATEX,29.97002997002997,10.01,300,"[0, 4, 7, 11, 15, 19, 22, 26, 30, 34, 37, 41, 45, 49, 52, 56, 60, 64, 67, 71, 75, 79, 82, 86, 90, 94, 97, 101, 105, 109, 112, 116, 120, 124, 127, 131, 135, 139, 142, 146, 150, 154, 157, 161, 165, 169, 172, 176, 180, 184, 187, 191, 195, 199, 202, 206, 210, 214, 217, 221, 225, 229, 232, 236, 240, 244, 247, 251, 255, 258, 262, 266, 270, 273, 277, 281, 285, 288, 292, 296]",d8effead6e9ba075ffa19c7c319c6fb48afc6b6395e8a87312d3f297971325e2
datasets/vatex_bank/UGlJS-x2xlk.mp4,UGlJS-x2xlk,real,VATEX,29.97002997002997,9.142467,274,"[0, 4, 7, 11, 15, 19, 22, 26, 30, 34, 37, 41, 45, 49, 52, 56, 60, 64, 67, 71, 75, 79, 82, 86, 90, 94, 97, 101, 105, 109, 112, 116, 120, 124, 127, 131, 135, 139, 142, 146, 150, 154, 157, 161, 165, 169, 172, 176, 180, 184, 187, 191, 195, 199, 202, 206, 210, 214, 217, 221, 225, 229, 232, 236, 240, 244, 247, 251, 255, 258, 262, 266, 270, 273]",59a7e27f461b9c0330d6ecd9f7d91b0f7ef1e587acd804ded07a455e39725ead
datasets/vatex_bank/ybgjOVht3KE.mp4,ybgjOVht3KE,real,VATEX,29.97002997002997,10.01,300,"[0, 4, 7, 11, 15, 19, 22, 26, 30, 34, 37, 41, 45, 49, 52, 56, 60, 64, 67, 71, 75, 79, 82, 86, 90, 94, 97, 101, 105, 109, 112, 116, 120, 124, 127, 131, 135, 139, 142, 146, 150, 154, 157, 161, 165, 169, 172, 176, 180, 184, 187, 191, 195, 199, 202, 206, 210, 214, 217, 221, 225, 229, 232, 236, 240, 244, 247, 251, 255, 258, 262, 266, 270, 273, 277, 281, 285, 288, 292, 296]",7c9b8d18dc10374b1b8a157e738614d5c370702cf6b7da63e7f0fa2c4ba14b82
datasets/vatex_bank/ZGGeGodGmkw.mp4,ZGGeGodGmkw,real,VATEX,29.97002997002997,9.976633,299,"[0, 4, 7, 11, 15, 19, 22, 26, 30, 34, 37, 41, 45, 49, 52, 56, 60, 64, 67, 71, 75, 79, 82, 86, 90, 94, 97, 101, 105, 109, 112, 116, 120, 124, 127, 131, 135, 139, 142, 146, 150, 154, 157, 161, 165, 169, 172, 176, 180, 184, 187, 191, 195, 199, 202, 206, 210, 214, 217, 221, 225, 229, 232, 236, 240, 244, 247, 251, 255, 258, 262, 266, 270, 273, 277, 281, 285, 288, 292, 296]",66f72def9496e8c2542eb35e0da92ecb2b2656227dbdd52155e791230a154215
datasets/vatex_bank/BW8PizHcCzw.mp4,BW8PizHcCzw,real,VATEX,23.976023976023978,9.968292,239,"[0, 3, 6, 9, 12, 15, 18, 21, 24, 27, 30, 33, 36, 39, 42, 45, 48, 51, 54, 57, 60, 63, 66, 69, 72, 75, 78, 81, 84, 87, 90, 93, 96, 99, 102, 105, 108, 111, 114, 117, 120, 123, 126, 129, 132, 135, 138, 141, 144, 147, 150, 153, 156, 159, 162, 165, 168, 171, 174, 177, 180, 183, 186, 189, 192, 195, 198, 201, 204, 207, 210, 213, 216, 219, 222, 225, 228, 231, 234, 237]",69833114f44dd267edd59ec44324e148eb4cb881147f2b0d6a1411f88d1cd209
datasets/vatex_bank/kNT9v9I15Gk.mp4,kNT9v9I15Gk,real,VATEX,29.97002997002997,10.01,300,"[0, 4, 7, 11, 15, 19, 22, 26, 30, 34, 37, 41, 45, 49, 52, 56, 60, 64, 67, 71, 75, 79, 82, 86, 90, 94, 97, 101, 105, 109, 112, 116, 120, 124, 127, 131, 135, 139, 142, 146, 150, 154, 157, 161, 165, 169, 172, 176, 180, 184, 187, 191, 195, 199, 202, 206, 210, 214, 217, 221, 225, 229, 232, 236, 240, 244, 247, 251, 255, 258, 262, 266, 270, 273, 277, 281, 285, 288, 292, 296]",b9dfef9e32d0c915cf5248ab87c19cd566e990648b4dae6f169914f895720edb
datasets/vatex_bank/stKG3WSldtA.mp4,stKG3WSldtA,real,VATEX,30.0,6.466667,194,"[0, 4, 8, 11, 15, 19, 22, 26, 30, 34, 38, 41, 45, 49, 52, 56, 60, 64, 68, 71, 75, 79, 82, 86, 90, 94, 98, 101, 105, 109, 112, 116, 120, 124, 128, 131, 135, 139, 142, 146, 150, 154, 158, 161, 165, 169, 172, 176, 180, 184, 188, 191]",854e1c81df0b458ff2989f1be8fcbc71cc9e92326211f58d37d7dd23fa764116
datasets/vatex_bank/zmXENu9UX-A.mp4,zmXENu9UX-A,real,VATEX,30.0,5.466667,164,"[0, 4, 8, 11, 15, 19, 22, 26, 30, 34, 38, 41, 45, 49, 52, 56, 60, 64, 68, 71, 75, 79, 82, 86, 90, 94, 98, 101, 105, 109, 112, 116, 120, 124, 128, 131, 135, 139, 142, 146, 150, 154, 158, 161]",ecc705eccc0508e785ec8e49eff06cb2508c8c2fb038228758759a1638c698f4
datasets/vatex_bank/VrFDdA2xbYU.mp4,VrFDdA2xbYU,real,VATEX,25.0,10.0,250,"[0, 3, 6, 9, 12, 16, 19, 22, 25, 28, 31, 34, 38, 41, 44, 47, 50, 53, 56, 59, 62, 66, 69, 72, 75, 78, 81, 84, 88, 91, 94, 97, 100, 103, 106, 109, 112, 116, 119, 122, 125, 128, 131, 134, 138, 141, 144, 147, 150, 153, 156, 159, 162, 166, 169, 172, 175, 178, 181, 184, 188, 191, 194, 197, 200, 203, 206, 209, 212, 216, 219, 222, 225, 228, 231, 234, 238, 241, 244, 247]",ea69fa51d3b4fd2483e54aba4c2ab997e9c13b1057d15a74bd80eb0d457ad259
datasets/vatex_bank/L_ebplc8Eb4.mp4,L_ebplc8Eb4,real,VATEX,23.976023976023978,10.01,240,"[0, 3, 6, 9, 12, 15, 18, 21, 24, 27, 30, 33, 36, 39, 42, 45, 48, 51, 54, 57, 60, 63, 66, 69, 72, 75, 78, 81, 84, 87, 90, 93, 96, 99, 102, 105, 108, 111, 114, 117, 120, 123, 126, 129, 132, 135, 138, 141, 144, 147, 150, 153, 156, 159, 162, 165, 168, 171, 174, 177, 180, 183, 186, 189, 192, 195, 198, 201, 204, 207, 210, 213, 216, 219, 222, 225, 228, 231, 234, 237]",1890950be8c6c1ed4228bcb23217072c00af85e4b6313e21ec4d2b5c4168c0b5
datasets/vatex_bank/Y77DzlGnWpk.mp4,Y77DzlGnWpk,real,VATEX,29.97002997002997,10.01,300,"[0, 4, 7, 11, 15, 19, 22, 26, 30, 34, 37, 41, 45, 49, 52, 56, 60, 64, 67, 71, 75, 79, 82, 86, 90, 94, 97, 101, 105, 109, 112, 116, 120, 124, 127, 131, 135, 139, 142, 146, 150, 154, 157, 161, 165, 169, 172, 176, 180, 184, 187, 191, 195, 199, 202, 206, 210, 214, 217, 221, 225, 229, 232, 236, 240, 244, 247, 251, 255, 258, 262, 266, 270, 273, 277, 281, 285, 288, 292, 296]",b9b5c41c87e208f9735831d4341c18e3dec0930ffe0c40386460d36351fd8273
datasets/vatex_bank/UJIna-xkJqY.mp4,UJIna-xkJqY,real,VATEX,29.97002997002997,9.976633,299,"[0, 4, 7, 11, 15, 19, 22, 26, 30, 34, 37, 41, 45, 49, 52, 56, 60, 64, 67, 71, 75, 79, 82, 86, 90, 94, 97, 101, 105, 109, 112, 116, 120, 124, 127, 131, 135, 139, 142, 146, 150, 154, 157, 161, 165, 169, 172, 176, 180, 184, 187, 191, 195, 199, 202, 206, 210, 214, 217, 221, 225, 229, 232, 236, 240, 244, 247, 251, 255, 258, 262, 266, 270, 273, 277, 281, 285, 288, 292, 296]",31fdb5f94355f454667c0a6971c1ba922961bcb112fff8217ee762d0a393099e
datasets/vatex_bank/KPn8FlPhKl0.mp4,KPn8FlPhKl0,real,VATEX,29.97002997002997,10.01,300,"[0, 4, 7, 11, 15, 19, 22, 26, 30, 34, 37, 41, 45, 49, 52, 56, 60, 64, 67, 71, 75, 79, 82, 86, 90, 94, 97, 101, 105, 109, 112, 116, 120, 124, 127, 131, 135, 139, 142, 146, 150, 154, 157, 161, 165, 169, 172, 176, 180, 184, 187, 191, 195, 199, 202, 206, 210, 214, 217, 221, 225, 229, 232, 236, 240, 244, 247, 251, 255, 258, 262, 266, 270, 273, 277, 281, 285, 288, 292, 296]",b2a33168c1503191ea43bb19bc2963d15ef30e0fc15f1748dbbb91736f59ab8c
datasets/vatex_bank/jHB_soa2BP4.mp4,jHB_soa2BP4,real,VATEX,30.0,10.0,300,"[0, 4, 8, 11, 15, 19, 22, 26, 30, 34, 38, 41, 45, 49, 52, 56, 60, 64, 68, 71, 75, 79, 82, 86, 90, 94, 98, 101, 105, 109, 112, 116, 120, 124, 128, 131, 135, 139, 142, 146, 150, 154, 158, 161, 165, 169, 172, 176, 180, 184, 188, 191, 195, 199, 202, 206, 210, 214, 218, 221, 225, 229, 232, 236, 240, 244, 248, 251, 255, 259, 262, 266, 270, 274, 278, 281, 285, 289, 292, 296]",2f203cd60e04879bc8303dde048faa82a8df857c454a2cc95b41422d4e9cb14c
datasets/vatex_bank/1Kqr_D3ATjE.mp4,1Kqr_D3ATjE,real,VATEX,25.0,10.0,250,"[0, 3, 6, 9, 12, 16, 19, 22, 25, 28, 31, 34, 38, 41, 44, 47, 50, 53, 56, 59, 62, 66, 69, 72, 75, 78, 81, 84, 88, 91, 94, 97, 100, 103, 106, 109, 112, 116, 119, 122, 125, 128, 131, 134, 138, 141, 144, 147, 150, 153, 156, 159, 162, 166, 169, 172, 175, 178, 181, 184, 188, 191, 194, 197, 200, 203, 206, 209, 212, 216, 219, 222, 225, 228, 231, 234, 238, 241, 244, 247]",8b2dfdd64ae2dfe3b343b724df164e883a22313690c47ca27b52cbbe4be9857b
datasets/vatex_bank/2eigAnTVfTU.mp4,2eigAnTVfTU,real,VATEX,30.0,10.0,300,"[0, 4, 8, 11, 15, 19, 22, 26, 30, 34, 38, 41, 45, 49, 52, 56, 60, 64, 68, 71, 75, 79, 82, 86, 90, 94, 98, 101, 105, 109, 112, 116, 120, 124, 128, 131, 135, 139, 142, 146, 150, 154, 158, 161, 165, 169, 172, 176, 180, 184, 188, 191, 195, 199, 202, 206, 210, 214, 218, 221, 225, 229, 232, 236, 240, 244, 248, 251, 255, 259, 262, 266, 270, 274, 278, 281, 285, 289, 292, 296]",e962762fd7ad83dd63085dab35c15865ef0f5289897d2f92b770350797131ec8
datasets/vatex_bank/3GNMmi6XL-I.mp4,3GNMmi6XL-I,real,VATEX,30.0,10.0,300,"[0, 4, 8, 11, 15, 19, 22, 26, 30, 34, 38, 41, 45, 49, 52, 56, 60, 64, 68, 71, 75, 79, 82, 86, 90, 94, 98, 101, 105, 109, 112, 116, 120, 124, 128, 131, 135, 139, 142, 146, 150, 154, 158, 161, 165, 169, 172, 176, 180, 184, 188, 191, 195, 199, 202, 206, 210, 214, 218, 221, 225, 229, 232, 236, 240, 244, 248, 251, 255, 259, 262, 266, 270, 274, 278, 281, 285, 289, 292, 296]",613b89460dcd9b257ed506fabfbdd85cb4e7857d9e0470cab73e695b975ad8d0
datasets/vatex_bank/kFUr0Forda8.mp4,kFUr0Forda8,real,VATEX,12.864,7.695896,99,"[0, 2, 3, 5, 6, 8, 10, 11, 13, 14, 16, 18, 19, 21, 23, 24, 26, 27, 29, 31, 32, 34, 35, 37, 39, 40, 42, 43, 45, 47, 48, 50, 51, 53, 55, 56, 58, 59, 61, 63, 64, 66, 68, 69, 71, 72, 74, 76, 77, 79, 80, 82, 84, 85, 87, 88, 90, 92, 93, 95, 96, 98]",ead8d290851623f738913291115e5318482c264e0fa13dd6b08ac2cf76614df8
datasets/vatex_bank/IEok6FTItnQ.mp4,IEok6FTItnQ,real,VATEX,15.0,10.0,150,"[0, 2, 4, 6, 8, 9, 11, 13, 15, 17, 19, 21, 22, 24, 26, 28, 30, 32, 34, 36, 38, 39, 41, 43, 45, 47, 49, 51, 52, 54, 56, 58, 60, 62, 64, 66, 68, 69, 71, 73, 75, 77, 79, 81, 82, 84, 86, 88, 90, 92, 94, 96, 98, 99, 101, 103, 105, 107, 109, 111, 112, 114, 116, 118, 120, 122, 124, 126, 128, 129, 131, 133, 135, 137, 139, 141, 142, 144, 146, 148]",91dab52e11b0ff7de57bbc2509bafd23dfe461a6d154906c0354f6a67603c321
datasets/vatex_bank/CLdJFHg_fOc.mp4,CLdJFHg_fOc,real,VATEX,30.0,10.0,300,"[0, 4, 8, 11, 15, 19, 22, 26, 30, 34, 38, 41, 45, 49, 52, 56, 60, 64, 68, 71, 75, 79, 82, 86, 90, 94, 98, 101, 105, 109, 112, 116, 120, 124, 128, 131, 135, 139, 142, 146, 150, 154, 158, 161, 165, 169, 172, 176, 180, 184, 188, 191, 195, 199, 202, 206, 210, 214, 218, 221, 225, 229, 232, 236, 240, 244, 248, 251, 255, 259, 262, 266, 270, 274, 278, 281, 285, 289, 292, 296]",a2339a3d3578dd9f19fb63120e3a00dca6d364b4c2275d1e03fd82627bf5a022
datasets/vatex_bank/telubC-R9pc.mp4,telubC-R9pc,real,VATEX,30.0,10.0,300,"[0, 4, 8, 11, 15, 19, 22, 26, 30, 34, 38, 41, 45, 49, 52, 56, 60, 64, 68, 71, 75, 79, 82, 86, 90, 94, 98, 101, 105, 109, 112, 116, 120, 124, 128, 131, 135, 139, 142, 146, 150, 154, 158, 161, 165, 169, 172, 176, 180, 184, 188, 191, 195, 199, 202, 206, 210, 214, 218, 221, 225, 229, 232, 236, 240, 244, 248, 251, 255, 259, 262, 266, 270, 274, 278, 281, 285, 289, 292, 296]",45e729bcd60a403d1bff2c35fdfb849b64998a335c3388d2e4a32fc460c59d00
datasets/vatex_bank/9QoiR_A8W0s.mp4,9QoiR_A8W0s,real,VATEX,25.60855263157895,9.99666,256,"[0, 3, 6, 10, 13, 16, 19, 22, 26, 29, 32, 35, 38, 42, 45, 48, 51, 54, 58, 61, 64, 67, 70, 74, 77, 80, 83, 86, 90, 93, 96, 99, 102, 106, 109, 112, 115, 118, 122, 125, 128, 131, 134, 138, 141, 144, 147, 150, 154, 157, 160, 163, 166, 170, 173, 176, 179, 182, 186, 189, 192, 195, 198, 202, 205, 208, 211, 214, 218, 221, 224, 227, 230, 234, 237, 240, 243, 246, 250, 253]",a4f07ccc23ac8c1f3dfbacb105db3b3f7d2b10561f717f14251e263580bd395b
datasets/vatex_bank/LeKRoDiKaK4.mp4,LeKRoDiKaK4,real,VATEX,29.875,10.008368,299,"[0, 4, 7, 11, 15, 19, 22, 26, 30, 34, 37, 41, 45, 49, 52, 56, 60, 63, 67, 71, 75, 78, 82, 86, 90, 93, 97, 101, 105, 108, 112, 116, 120, 123, 127, 131, 134, 138, 142, 146, 149, 153, 157, 161, 164, 168, 172, 176, 179, 183, 187, 190, 194, 198, 202, 205, 209, 213, 217, 220, 224, 228, 232, 235, 239, 243, 246, 250, 254, 258, 261, 265, 269, 273, 276, 280, 284, 288, 291, 295]",3580a7422ee3f71792b9f23a852202dca2b7191bdb7fa5add6557e3fa8d3d351
datasets/vatex_bank/Eer62TkpvLM.mp4,Eer62TkpvLM,real,VATEX,29.97002997002997,10.01,300,"[0, 4, 7, 11, 15, 19, 22, 26, 30, 34, 37, 41, 45, 49, 52, 56, 60, 64, 67, 71, 75, 79, 82, 86, 90, 94, 97, 101, 105, 109, 112, 116, 120, 124, 127, 131, 135, 139, 142, 146, 150, 154, 157, 161, 165, 169, 172, 176, 180, 184, 187, 191, 195, 199, 202, 206, 210, 214, 217, 221, 225, 229, 232, 236, 240, 244, 247, 251, 255, 258, 262, 266, 270, 273, 277, 281, 285, 288, 292, 296]",91b0c992fb4dd4c3b41bc4bbafd5cdb8f8dee7e2d1ab73a0c27cd1fa7979d6ab
datasets/vatex_bank/yeG8vIrsBzw.mp4,yeG8vIrsBzw,real,VATEX,15.008,9.99467,150,"[0, 2, 4, 6, 8, 9, 11, 13, 15, 17, 19, 21, 23, 24, 26, 28, 30, 32, 34, 36, 38, 39, 41, 43, 45, 47, 49, 51, 53, 54, 56, 58, 60, 62, 64, 66, 68, 69, 71, 73, 75, 77, 79, 81, 83, 84, 86, 88, 90, 92, 94, 96, 98, 99, 101, 103, 105, 107, 109, 111, 113, 114, 116, 118, 120, 122, 124, 126, 128, 129, 131, 133, 135, 137, 139, 141, 143, 144, 146, 148]",4e9c56c8fba360cf80190987e2ffc86253bb018f3cbca0a129a6f65d5e025256
datasets/vatex_bank/L7MypCWD8eE.mp4,L7MypCWD8eE,real,VATEX,15.0,10.0,150,"[0, 2, 4, 6, 8, 9, 11, 13, 15, 17, 19, 21, 22, 24, 26, 28, 30, 32, 34, 36, 38, 39, 41, 43, 45, 47, 49, 51, 52, 54, 56, 58, 60, 62, 64, 66, 68, 69, 71, 73, 75, 77, 79, 81, 82, 84, 86, 88, 90, 92, 94, 96, 98, 99, 101, 103, 105, 107, 109, 111, 112, 114, 116, 118, 120, 122, 124, 126, 128, 129, 131, 133, 135, 137, 139, 141, 142, 144, 146, 148]",72bb1d07589a665b9dbc00ac443742baa609c79e40413a533ba476e28218abd9
datasets/vatex_bank/wpK03-wPpwY.mp4,wpK03-wPpwY,real,VATEX,25.0,10.0,250,"[0, 3, 6, 9, 12, 16, 19, 22, 25, 28, 31, 34, 38, 41, 44, 47, 50, 53, 56, 59, 62, 66, 69, 72, 75, 78, 81, 84, 88, 91, 94, 97, 100, 103, 106, 109, 112, 116, 119, 122, 125, 128, 131, 134, 138, 141, 144, 147, 150, 153, 156, 159, 162, 166, 169, 172, 175, 178, 181, 184, 188, 191, 194, 197, 200, 203, 206, 209, 212, 216, 219, 222, 225, 228, 231, 234, 238, 241, 244, 247]",7d4f26a36126470387a88c92ba621cd5efd71ac71c20866bef78fd77ccb0d606
datasets/vatex_bank/i0Y9CBJmmEY.mp4,i0Y9CBJmmEY,real,VATEX,29.97002997002997,10.01,300,"[0, 4, 7, 11, 15, 19, 22, 26, 30, 34, 37, 41, 45, 49, 52, 56, 60, 64, 67, 71, 75, 79, 82, 86, 90, 94, 97, 101, 105, 109, 112, 116, 120, 124, 127, 131, 135, 139, 142, 146, 150, 154, 157, 161, 165, 169, 172, 176, 180, 184, 187, 191, 195, 199, 202, 206, 210, 214, 217, 221, 225, 229, 232, 236, 240, 244, 247, 251, 255, 258, 262, 266, 270, 273, 277, 281, 285, 288, 292, 296]",1b55d7f5bc334f672a197f50390f79d39e7242024e1c663fb4ed8c15cab9bcf6
datasets/vatex_bank/kcwwyZ1KPyY.mp4,kcwwyZ1KPyY,real,VATEX,23.976023976023978,10.01,240,"[0, 3, 6, 9, 12, 15, 18, 21, 24, 27, 30, 33, 36, 39, 42, 45, 48, 51, 54, 57, 60, 63, 66, 69, 72, 75, 78, 81, 84, 87, 90, 93, 96, 99, 102, 105, 108, 111, 114, 117, 120, 123, 126, 129, 132, 135, 138, 141, 144, 147, 150, 153, 156, 159, 162, 165, 168, 171, 174, 177, 180, 183, 186, 189, 192, 195, 198, 201, 204, 207, 210, 213, 216, 219, 222, 225, 228, 231, 234, 237]",bb81d2bda97c8a7eb72641eb528599f6044c153b96b43c243baeae3a509d9c3d
datasets/vatex_bank/1d_iq9gkDSM.mp4,1d_iq9gkDSM,real,VATEX,30.0,9.6,288,"[0, 4, 8, 11, 15, 19, 22, 26, 30, 34, 38, 41, 45, 49, 52, 56, 60, 64, 68, 71, 75, 79, 82, 86, 90, 94, 98, 101, 105, 109, 112, 116, 120, 124, 128, 131, 135, 139, 142, 146, 150, 154, 158, 161, 165, 169, 172, 176, 180, 184, 188, 191, 195, 199, 202, 206, 210, 214, 218, 221, 225, 229, 232, 236, 240, 244, 248, 251, 255, 259, 262, 266, 270, 274, 278, 281, 285]",e5dea211c8e403977ecc96b3ec2181339be06f843f768ed2a91288d7c900ae33
datasets/vatex_bank/bQ6ElvyiLi4.mp4,bQ6ElvyiLi4,real,VATEX,30.0,6.466667,194,"[0, 4, 8, 11, 15, 19, 22, 26, 30, 34, 38, 41, 45, 49, 52, 56, 60, 64, 68, 71, 75, 79, 82, 86, 90, 94, 98, 101, 105, 109, 112, 116, 120, 124, 128, 131, 135, 139, 142, 146, 150, 154, 158, 161, 165, 169, 172, 176, 180, 184, 188, 191]",4f6fefd8d3db69129532063d77f358c6e82526b45a545fcd6d3a9c7990b3f925
datasets/vatex_bank/_5tI6QPc0i8.mp4,_5tI6QPc0i8,real,VATEX,25.0,10.0,250,"[0, 3, 6, 9, 12, 16, 19, 22, 25, 28, 31, 34, 38, 41, 44, 47, 50, 53, 56, 59, 62, 66, 69, 72, 75, 78, 81, 84, 88, 91, 94, 97, 100, 103, 106, 109, 112, 116, 119, 122, 125, 128, 131, 134, 138, 141, 144, 147, 150, 153, 156, 159, 162, 166, 169, 172, 175, 178, 181, 184, 188, 191, 194, 197, 200, 203, 206, 209, 212, 216, 219, 222, 225, 228, 231, 234, 238, 241, 244, 247]",786405239a57fad7928ec9093de1b9507cf9546f7e45d38ff81b0cce40400af2
datasets/vatex_bank/cQGx9xulxkU.mp4,cQGx9xulxkU,real,VATEX,25.0,10.0,250,"[0, 3, 6, 9, 12, 16, 19, 22, 25, 28, 31, 34, 38, 41, 44, 47, 50, 53, 56, 59, 62, 66, 69, 72, 75, 78, 81, 84, 88, 91, 94, 97, 100, 103, 106, 109, 112, 116, 119, 122, 125, 128, 131, 134, 138, 141, 144, 147, 150, 153, 156, 159, 162, 166, 169, 172, 175, 178, 181, 184, 188, 191, 194, 197, 200, 203, 206, 209, 212, 216, 219, 222, 225, 228, 231, 234, 238, 241, 244, 247]",0e5cdf98b6fa489bf21aa296e66a4fe126932450b9da94bb1982edfe23f9c8d0
datasets/vatex_bank/0gONVDFgzLQ.mp4,0gONVDFgzLQ,real,VATEX,30.0,10.0,300,"[0, 4, 8, 11, 15, 19, 22, 26, 30, 34, 38, 41, 45, 49, 52, 56, 60, 64, 68, 71, 75, 79, 82, 86, 90, 94, 98, 101, 105, 109, 112, 116, 120, 124, 128, 131, 135, 139, 142, 146, 150, 154, 158, 161, 165, 169, 172, 176, 180, 184, 188, 191, 195, 199, 202, 206, 210, 214, 218, 221, 225, 229, 232, 236, 240, 244, 248, 251, 255, 259, 262, 266, 270, 274, 278, 281, 285, 289, 292, 296]",dca95b71d0b3dffb50d5d0f50aa658f3d44cfb8b95342597ac3395b6cf1c0372
datasets/vatex_bank/vAYnEXOn3_Y.mp4,vAYnEXOn3_Y,real,VATEX,30.0,9.933333,298,"[0, 4, 8, 11, 15, 19, 22, 26, 30, 34, 38, 41, 45, 49, 52, 56, 60, 64, 68, 71, 75, 79, 82, 86, 90, 94, 98, 101, 105, 109, 112, 116, 120, 124, 128, 131, 135, 139, 142, 146, 150, 154, 158, 161, 165, 169, 172, 176, 180, 184, 188, 191, 195, 199, 202, 206, 210, 214, 218, 221, 225, 229, 232, 236, 240, 244, 248, 251, 255, 259, 262, 266, 270, 274, 278, 281, 285, 289, 292, 296]",be3855b810fae136f9aa556973e9dd14223f8a6ee68e90c2c987f5dae8c1b15e
datasets/vatex_bank/3MMtfJX4OqA.mp4,3MMtfJX4OqA,real,VATEX,25.0,10.0,250,"[0, 3, 6, 9, 12, 16, 19, 22, 25, 28, 31, 34, 38, 41, 44, 47, 50, 53, 56, 59, 62, 66, 69, 72, 75, 78, 81, 84, 88, 91, 94, 97, 100, 103, 106, 109, 112, 116, 119, 122, 125, 128, 131, 134, 138, 141, 144, 147, 150, 153, 156, 159, 162, 166, 169, 172, 175, 178, 181, 184, 188, 191, 194, 197, 200, 203, 206, 209, 212, 216, 219, 222, 225, 228, 231, 234, 238, 241, 244, 247]",8589ca95af5f35bea1e35bdca70438c34b5a67e110fee5bc94985e0a4e08711f
datasets/vatex_bank/arB-2Wtvz10.mp4,arB-2Wtvz10,real,VATEX,30.0,10.0,300,"[0, 4, 8, 11, 15, 19, 22, 26, 30, 34, 38, 41, 45, 49, 52, 56, 60, 64, 68, 71, 75, 79, 82, 86, 90, 94, 98, 101, 105, 109, 112, 116, 120, 124, 128, 131, 135, 139, 142, 146, 150, 154, 158, 161, 165, 169, 172, 176, 180, 184, 188, 191, 195, 199, 202, 206, 210, 214, 218, 221, 225, 229, 232, 236, 240, 244, 248, 251, 255, 259, 262, 266, 270, 274, 278, 281, 285, 289, 292, 296]",b534bd92533c5c05571b97a92f5d4d777227e2c4a0049b000d83d0441c584e8b
datasets/vatex_bank/A61J-H5wntE.mp4,A61J-H5wntE,real,VATEX,29.97002997002997,9.976633,299,"[0, 4, 7, 11, 15, 19, 22, 26, 30, 34, 37, 41, 45, 49, 52, 56, 60, 64, 67, 71, 75, 79, 82, 86, 90, 94, 97, 101, 105, 109, 112, 116, 120, 124, 127, 131, 135, 139, 142, 146, 150, 154, 157, 161, 165, 169, 172, 176, 180, 184, 187, 191, 195, 199, 202, 206, 210, 214, 217, 221, 225, 229, 232, 236, 240, 244, 247, 251, 255, 258, 262, 266, 270, 273, 277, 281, 285, 288, 292, 296]",5477ac4a9cf186339b238f1cd871a70218f63741c717885adae3d90952a24ff2
datasets/vatex_bank/EqK8_ciu6mY.mp4,EqK8_ciu6mY,real,VATEX,29.97002997002997,9.976633,299,"[0, 4, 7, 11, 15, 19, 22, 26, 30, 34, 37, 41, 45, 49, 52, 56, 60, 64, 67, 71, 75, 79, 82, 86, 90, 94, 97, 101, 105, 109, 112, 116, 120, 124, 127, 131, 135, 139, 142, 146, 150, 154, 157, 161, 165, 169, 172, 176, 180, 184, 187, 191, 195, 199, 202, 206, 210, 214, 217, 221, 225, 229, 232, 236, 240, 244, 247, 251, 255, 258, 262, 266, 270, 273, 277, 281, 285, 288, 292, 296]",819b451d0dbdddbf24aecd1a211b7fa3f607ba60b6cb336a7573e6124a6929ab
datasets/vatex_bank/kvgltmwknA4.mp4,kvgltmwknA4,real,VATEX,25.0,10.0,250,"[0, 3, 6, 9, 12, 16, 19, 22, 25, 28, 31, 34, 38, 41, 44, 47, 50, 53, 56, 59, 62, 66, 69, 72, 75, 78, 81, 84, 88, 91, 94, 97, 100, 103, 106, 109, 112, 116, 119, 122, 125, 128, 131, 134, 138, 141, 144, 147, 150, 153, 156, 159, 162, 166, 169, 172, 175, 178, 181, 184, 188, 191, 194, 197, 200, 203, 206, 209, 212, 216, 219, 222, 225, 228, 231, 234, 238, 241, 244, 247]",5689a56201f178b7df0dbb6bd23a61d4a9e6b709bb3e918e809c41c35d5ab8c9
datasets/vatex_bank/x5lYDVar2Tg.mp4,x5lYDVar2Tg,real,VATEX,25.0,10.0,250,"[0, 3, 6, 9, 12, 16, 19, 22, 25, 28, 31, 34, 38, 41, 44, 47, 50, 53, 56, 59, 62, 66, 69, 72, 75, 78, 81, 84, 88, 91, 94, 97, 100, 103, 106, 109, 112, 116, 119, 122, 125, 128, 131, 134, 138, 141, 144, 147, 150, 153, 156, 159, 162, 166, 169, 172, 175, 178, 181, 184, 188, 191, 194, 197, 200, 203, 206, 209, 212, 216, 219, 222, 225, 228, 231, 234, 238, 241, 244, 247]",78af9cad13d7df9dd8cf194cd6fdf14293bd15f4042c84db10cb4b9051ddde8f
datasets/vatex_bank/l4m9ZtbpAes.mp4,l4m9ZtbpAes,real,VATEX,30.0,10.0,300,"[0, 4, 8, 11, 15, 19, 22, 26, 30, 34, 38, 41, 45, 49, 52, 56, 60, 64, 68, 71, 75, 79, 82, 86, 90, 94, 98, 101, 105, 109, 112, 116, 120, 124, 128, 131, 135, 139, 142, 146, 150, 154, 158, 161, 165, 169, 172, 176, 180, 184, 188, 191, 195, 199, 202, 206, 210, 214, 218, 221, 225, 229, 232, 236, 240, 244, 248, 251, 255, 259, 262, 266, 270, 274, 278, 281, 285, 289, 292, 296]",8da4cc16e0c5fc6ed43603119ddb45fcdbd34a2164eba55ad1eb29a4f3081715
datasets/vatex_bank/9S9dQK6TbnE.mp4,9S9dQK6TbnE,real,VATEX,29.97002997002997,9.976633,299,"[0, 4, 7, 11, 15, 19, 22, 26, 30, 34, 37, 41, 45, 49, 52, 56, 60, 64, 67, 71, 75, 79, 82, 86, 90, 94, 97, 101, 105, 109, 112, 116, 120, 124, 127, 131, 135, 139, 142, 146, 150, 154, 157, 161, 165, 169, 172, 176, 180, 184, 187, 191, 195, 199, 202, 206, 210, 214, 217, 221, 225, 229, 232, 236, 240, 244, 247, 251, 255, 258, 262, 266, 270, 273, 277, 281, 285, 288, 292, 296]",f9e647d23e0e701b1d55239f193e8c816e1449188e0aebb6e03abcc7fb618261
datasets/vatex_bank/m0eEMxcqDu4.mp4,m0eEMxcqDu4,real,VATEX,29.0,9.965517,289,"[0, 4, 7, 11, 14, 18, 22, 25, 29, 33, 36, 40, 44, 47, 51, 54, 58, 62, 65, 69, 72, 76, 80, 83, 87, 91, 94, 98, 102, 105, 109, 112, 116, 120, 123, 127, 130, 134, 138, 141, 145, 149, 152, 156, 160, 163, 167, 170, 174, 178, 181, 185, 188, 192, 196, 199, 203, 207, 210, 214, 218, 221, 225, 228, 232, 236, 239, 243, 246, 250, 254, 257, 261, 265, 268, 272, 276, 279, 283, 286]",93fd685dc760ddf33b7c50d977d338a139e4fb40b1e680be7a76272cf24c4598
datasets/vatex_bank/bsH9hRNWyyQ.mp4,bsH9hRNWyyQ,real,VATEX,29.88,10.006693,299,"[0, 4, 7, 11, 15, 19, 22, 26, 30, 34, 37, 41, 45, 49, 52, 56, 60, 63, 67, 71, 75, 78, 82, 86, 90, 93, 97, 101, 105, 108, 112, 116, 120, 123, 127, 131, 134, 138, 142, 146, 149, 153, 157, 161, 164, 168, 172, 176, 179, 183, 187, 190, 194, 198, 202, 205, 209, 213, 217, 220, 224, 228, 232, 235, 239, 243, 247, 250, 254, 258, 261, 265, 269, 273, 276, 280, 284, 288, 291, 295]",db832c3aa1e24810ce639515b004a34883494ed1cbd32c6edc6cfcd56b7f3387
datasets/vatex_bank/sJWMp5R0M6A.mp4,sJWMp5R0M6A,real,VATEX,30.0,7.166667,215,"[0, 4, 8, 11, 15, 19, 22, 26, 30, 34, 38, 41, 45, 49, 52, 56, 60, 64, 68, 71, 75, 79, 82, 86, 90, 94, 98, 101, 105, 109, 112, 116, 120, 124, 128, 131, 135, 139, 142, 146, 150, 154, 158, 161, 165, 169, 172, 176, 180, 184, 188, 191, 195, 199, 202, 206, 210, 214]",2bf86d75d1bf617ef04b6232ce5c8f899fb7cb809213298198b4b42489053347
datasets/vatex_bank/1m1YYVYysA8.mp4,1m1YYVYysA8,real,VATEX,29.97002997002997,8.975633,269,"[0, 4, 7, 11, 15, 19, 22, 26, 30, 34, 37, 41, 45, 49, 52, 56, 60, 64, 67, 71, 75, 79, 82, 86, 90, 94, 97, 101, 105, 109, 112, 116, 120, 124, 127, 131, 135, 139, 142, 146, 150, 154, 157, 161, 165, 169, 172, 176, 180, 184, 187, 191, 195, 199, 202, 206, 210, 214, 217, 221, 225, 229, 232, 236, 240, 244, 247, 251, 255, 258, 262, 266]",649f619b77b9f409e4a4744e579d75c4be43ecd7c3d06a64d5dd451b5c6f5c2a
datasets/vatex_bank/I3WJgfWPslw.mp4,I3WJgfWPslw,real,VATEX,29.97002997002997,9.976633,299,"[0, 4, 7, 11, 15, 19, 22, 26, 30, 34, 37, 41, 45, 49, 52, 56, 60, 64, 67, 71, 75, 79, 82, 86, 90, 94, 97, 101, 105, 109, 112, 116, 120, 124, 127, 131, 135, 139, 142, 146, 150, 154, 157, 161, 165, 169, 172, 176, 180, 184, 187, 191, 195, 199, 202, 206, 210, 214, 217, 221, 225, 229, 232, 236, 240, 244, 247, 251, 255, 258, 262, 266, 270, 273, 277, 281, 285, 288, 292, 296]",1a125fec367ec515eb2407453edb42257a7c86a64d6d3eb712e22aa54b102fda
datasets/vatex_bank/DqamlESwZRI.mp4,DqamlESwZRI,real,VATEX,29.97002997002997,10.01,300,"[0, 4, 7, 11, 15, 19, 22, 26, 30, 34, 37, 41, 45, 49, 52, 56, 60, 64, 67, 71, 75, 79, 82, 86, 90, 94, 97, 101, 105, 109, 112, 116, 120, 124, 127, 131, 135, 139, 142, 146, 150, 154, 157, 161, 165, 169, 172, 176, 180, 184, 187, 191, 195, 199, 202, 206, 210, 214, 217, 221, 225, 229, 232, 236, 240, 244, 247, 251, 255, 258, 262, 266, 270, 273, 277, 281, 285, 288, 292, 296]",2b2a324452eccaf7289ee903d2b15b78ce4abc2914640906b66657eb377a38a9
datasets/vatex_bank/h_msCwIlmT0.mp4,h_msCwIlmT0,real,VATEX,25.0,10.0,250,"[0, 3, 6, 9, 12, 16, 19, 22, 25, 28, 31, 34, 38, 41, 44, 47, 50, 53, 56, 59, 62, 66, 69, 72, 75, 78, 81, 84, 88, 91, 94, 97, 100, 103, 106, 109, 112, 116, 119, 122, 125, 128, 131, 134, 138, 141, 144, 147, 150, 153, 156, 159, 162, 166, 169, 172, 175, 178, 181, 184, 188, 191, 194, 197, 200, 203, 206, 209, 212, 216, 219, 222, 225, 228, 231, 234, 238, 241, 244, 247]",7997b5bf657225a38afd12d87851c15f51ed47fc4392a9cda2092aa88abf9753
datasets/vatex_bank/YSxN58jcRKI.mp4,YSxN58jcRKI,real,VATEX,30.0,10.0,300,"[0, 4, 8, 11, 15, 19, 22, 26, 30, 34, 38, 41, 45, 49, 52, 56, 60, 64, 68, 71, 75, 79, 82, 86, 90, 94, 98, 101, 105, 109, 112, 116, 120, 124, 128, 131, 135, 139, 142, 146, 150, 154, 158, 161, 165, 169, 172, 176, 180, 184, 188, 191, 195, 199, 202, 206, 210, 214, 218, 221, 225, 229, 232, 236, 240, 244, 248, 251, 255, 259, 262, 266, 270, 274, 278, 281, 285, 289, 292, 296]",aba2d3610dac659c32ce99724359cb848e6188927aef601d519ca2e37ff669b1
datasets/vatex_bank/D-kcF7b_klQ.mp4,D-kcF7b_klQ,real,VATEX,30.0,10.0,300,"[0, 4, 8, 11, 15, 19, 22, 26, 30, 34, 38, 41, 45, 49, 52, 56, 60, 64, 68, 71, 75, 79, 82, 86, 90, 94, 98, 101, 105, 109, 112, 116, 120, 124, 128, 131, 135, 139, 142, 146, 150, 154, 158, 161, 165, 169, 172, 176, 180, 184, 188, 191, 195, 199, 202, 206, 210, 214, 218, 221, 225, 229, 232, 236, 240, 244, 248, 251, 255, 259, 262, 266, 270, 274, 278, 281, 285, 289, 292, 296]",171137ddb29d4950c420e419f8d19d52067c7bf7f210c9cf5de1fd98ceb2577b
datasets/vatex_bank/1BJOhgPUmy0.mp4,1BJOhgPUmy0,real,VATEX,30.0,10.0,300,"[0, 4, 8, 11, 15, 19, 22, 26, 30, 34, 38, 41, 45, 49, 52, 56, 60, 64, 68, 71, 75, 79, 82, 86, 90, 94, 98, 101, 105, 109, 112, 116, 120, 124, 128, 131, 135, 139, 142, 146, 150, 154, 158, 161, 165, 169, 172, 176, 180, 184, 188, 191, 195, 199, 202, 206, 210, 214, 218, 221, 225, 229, 232, 236, 240, 244, 248, 251, 255, 259, 262, 266, 270, 274, 278, 281, 285, 289, 292, 296]",34e8d71f6c288ed414f17a1e81b00e3d29a91a5f0135fd00cc6ca11018913cfd
datasets/vatex_bank/-6WaGE52Odw.mp4,-6WaGE52Odw,real,VATEX,29.97002997002997,10.01,300,"[0, 4, 7, 11, 15, 19, 22, 26, 30, 34, 37, 41, 45, 49, 52, 56, 60, 64, 67, 71, 75, 79, 82, 86, 90, 94, 97, 101, 105, 109, 112, 116, 120, 124, 127, 131, 135, 139, 142, 146, 150, 154, 157, 161, 165, 169, 172, 176, 180, 184, 187, 191, 195, 199, 202, 206, 210, 214, 217, 221, 225, 229, 232, 236, 240, 244, 247, 251, 255, 258, 262, 266, 270, 273, 277, 281, 285, 288, 292, 296]",b13f7185570c42f23860350b8e071eba5617420a1b3d2173d7dfabb2a1d21318
datasets/vatex_bank/GUy6jFejIMo.mp4,GUy6jFejIMo,real,VATEX,14.96151924037981,10.02572,150,"[0, 2, 4, 6, 7, 9, 11, 13, 15, 17, 19, 21, 22, 24, 26, 28, 30, 32, 34, 36, 37, 39, 41, 43, 45, 47, 49, 50, 52, 54, 56, 58, 60, 62, 64, 65, 67, 69, 71, 73, 75, 77, 79, 80, 82, 84, 86, 88, 90, 92, 94, 95, 97, 99, 101, 103, 105, 107, 108, 110, 112, 114, 116, 118, 120, 122, 123, 125, 127, 129, 131, 133, 135, 137, 138, 140, 142, 144, 146, 148]",ba1c819c079943641729a54f6ada9c8604d4fce21573e35a9e883cfa6de183fc
datasets/vatex_bank/YUwdnGj-2io.mp4,YUwdnGj-2io,real,VATEX,25.0,10.0,250,"[0, 3, 6, 9, 12, 16, 19, 22, 25, 28, 31, 34, 38, 41, 44, 47, 50, 53, 56, 59, 62, 66, 69, 72, 75, 78, 81, 84, 88, 91, 94, 97, 100, 103, 106, 109, 112, 116, 119, 122, 125, 128, 131, 134, 138, 141, 144, 147, 150, 153, 156, 159, 162, 166, 169, 172, 175, 178, 181, 184, 188, 191, 194, 197, 200, 203, 206, 209, 212, 216, 219, 222, 225, 228, 231, 234, 238, 241, 244, 247]",d22d01e035ee1067bbc23875f47f7c8d8e65a406f4962e6d1e01e40be3f38466
datasets/vatex_bank/lF84xIuQ5Uk.mp4,lF84xIuQ5Uk,real,VATEX,29.0,10.0,290,"[0, 4, 7, 11, 14, 18, 22, 25, 29, 33, 36, 40, 44, 47, 51, 54, 58, 62, 65, 69, 72, 76, 80, 83, 87, 91, 94, 98, 102, 105, 109, 112, 116, 120, 123, 127, 130, 134, 138, 141, 145, 149, 152, 156, 160, 163, 167, 170, 174, 178, 181, 185, 188, 192, 196, 199, 203, 207, 210, 214, 218, 221, 225, 228, 232, 236, 239, 243, 246, 250, 254, 257, 261, 265, 268, 272, 276, 279, 283, 286]",de0d67a71c35bffba1b252836671bc4b633f709dd930d3e712ee2009b8878435
datasets/vatex_bank/Hiuu7txE1BM.mp4,Hiuu7txE1BM,real,VATEX,29.97002997002997,10.01,300,"[0, 4, 7, 11, 15, 19, 22, 26, 30, 34, 37, 41, 45, 49, 52, 56, 60, 64, 67, 71, 75, 79, 82, 86, 90, 94, 97, 101, 105, 109, 112, 116, 120, 124, 127, 131, 135, 139, 142, 146, 150, 154, 157, 161, 165, 169, 172, 176, 180, 184, 187, 191, 195, 199, 202, 206, 210, 214, 217, 221, 225, 229, 232, 236, 240, 244, 247, 251, 255, 258, 262, 266, 270, 273, 277, 281, 285, 288, 292, 296]",cd0d7129e8a4b2eded7435732110019a4e20a99c5de0bb98c83764f11906b407
datasets/vatex_bank/YBwceF6X-q0.mp4,YBwceF6X-q0,real,VATEX,30.0,7.333333,220,"[0, 4, 8, 11, 15, 19, 22, 26, 30, 34, 38, 41, 45, 49, 52, 56, 60, 64, 68, 71, 75, 79, 82, 86, 90, 94, 98, 101, 105, 109, 112, 116, 120, 124, 128, 131, 135, 139, 142, 146, 150, 154, 158, 161, 165, 169, 172, 176, 180, 184, 188, 191, 195, 199, 202, 206, 210, 214, 218]",4815970facd8047c264edfef2c8a2824993a1735e359ff5665c3c8fd6d52414c
datasets/vatex_bank/pPPdPMYkX8Q.mp4,pPPdPMYkX8Q,real,VATEX,30.0,10.0,300,"[0, 4, 8, 11, 15, 19, 22, 26, 30, 34, 38, 41, 45, 49, 52, 56, 60, 64, 68, 71, 75, 79, 82, 86, 90, 94, 98, 101, 105, 109, 112, 116, 120, 124, 128, 131, 135, 139, 142, 146, 150, 154, 158, 161, 165, 169, 172, 176, 180, 184, 188, 191, 195, 199, 202, 206, 210, 214, 218, 221, 225, 229, 232, 236, 240, 244, 248, 251, 255, 259, 262, 266, 270, 274, 278, 281, 285, 289, 292, 296]",72596efa28bd46233a6497c89c98617ff4d0b7be39b1e6adfe819d1a21fdb68a
datasets/vatex_bank/HNYVwnuxvhY.mp4,HNYVwnuxvhY,real,VATEX,25.0,10.0,250,"[0, 3, 6, 9, 12, 16, 19, 22, 25, 28, 31, 34, 38, 41, 44, 47, 50, 53, 56, 59, 62, 66, 69, 72, 75, 78, 81, 84, 88, 91, 94, 97, 100, 103, 106, 109, 112, 116, 119, 122, 125, 128, 131, 134, 138, 141, 144, 147, 150, 153, 156, 159, 162, 166, 169, 172, 175, 178, 181, 184, 188, 191, 194, 197, 200, 203, 206, 209, 212, 216, 219, 222, 225, 228, 231, 234, 238, 241, 244, 247]",25b8ffc39ec69dd2bc262f71715512641f5e17aae89a5e67f2994b0a63c9aea0
datasets/vatex_bank/Q1xZ8HiRYRY.mp4,Q1xZ8HiRYRY,real,VATEX,30.0,10.0,300,"[0, 4, 8, 11, 15, 19, 22, 26, 30, 34, 38, 41, 45, 49, 52, 56, 60, 64, 68, 71, 75, 79, 82, 86, 90, 94, 98, 101, 105, 109, 112, 116, 120, 124, 128, 131, 135, 139, 142, 146, 150, 154, 158, 161, 165, 169, 172, 176, 180, 184, 188, 191, 195, 199, 202, 206, 210, 214, 218, 221, 225, 229, 232, 236, 240, 244, 248, 251, 255, 259, 262, 266, 270, 274, 278, 281, 285, 289, 292, 296]",97c9f28ad586090add046b55dbf61398a3a1ddaf7a2e14b897b072a20de5559c
datasets/vatex_bank/FzdI5hIPeFQ.mp4,FzdI5hIPeFQ,real,VATEX,25.0,10.0,250,"[0, 3, 6, 9, 12, 16, 19, 22, 25, 28, 31, 34, 38, 41, 44, 47, 50, 53, 56, 59, 62, 66, 69, 72, 75, 78, 81, 84, 88, 91, 94, 97, 100, 103, 106, 109, 112, 116, 119, 122, 125, 128, 131, 134, 138, 141, 144, 147, 150, 153, 156, 159, 162, 166, 169, 172, 175, 178, 181, 184, 188, 191, 194, 197, 200, 203, 206, 209, 212, 216, 219, 222, 225, 228, 231, 234, 238, 241, 244, 247]",24af62fd1721bf20e7bebe531de817dbd07c36e87b4c688a021836037b8afe33
datasets/vatex_bank/AdwwgnYhbu4.mp4,AdwwgnYhbu4,real,VATEX,15.0,7.6,114,"[0, 2, 4, 6, 8, 9, 11, 13, 15, 17, 19, 21, 22, 24, 26, 28, 30, 32, 34, 36, 38, 39, 41, 43, 45, 47, 49, 51, 52, 54, 56, 58, 60, 62, 64, 66, 68, 69, 71, 73, 75, 77, 79, 81, 82, 84, 86, 88, 90, 92, 94, 96, 98, 99, 101, 103, 105, 107, 109, 111, 112]",bce2b33232bb184f5f6135f45bfcf85259b150e8995c119f205bc6083b4b5cf4
datasets/vatex_bank/rFr82y-VPFc.mp4,rFr82y-VPFc,real,VATEX,30.0,10.0,300,"[0, 4, 8, 11, 15, 19, 22, 26, 30, 34, 38, 41, 45, 49, 52, 56, 60, 64, 68, 71, 75, 79, 82, 86, 90, 94, 98, 101, 105, 109, 112, 116, 120, 124, 128, 131, 135, 139, 142, 146, 150, 154, 158, 161, 165, 169, 172, 176, 180, 184, 188, 191, 195, 199, 202, 206, 210, 214, 218, 221, 225, 229, 232, 236, 240, 244, 248, 251, 255, 259, 262, 266, 270, 274, 278, 281, 285, 289, 292, 296]",8dc28b8389bf145bacc0c1a7221a16e8fb251b82e72c15b01e579ab41f936532
datasets/vatex_bank/6LqdKSblqxk.mp4,6LqdKSblqxk,real,VATEX,14.985014985014985,10.01,150,"[0, 2, 4, 6, 7, 9, 11, 13, 15, 17, 19, 21, 22, 24, 26, 28, 30, 32, 34, 36, 37, 39, 41, 43, 45, 47, 49, 51, 52, 54, 56, 58, 60, 62, 64, 66, 67, 69, 71, 73, 75, 77, 79, 81, 82, 84, 86, 88, 90, 92, 94, 96, 97, 99, 101, 103, 105, 107, 109, 111, 112, 114, 116, 118, 120, 122, 124, 125, 127, 129, 131, 133, 135, 137, 139, 140, 142, 144, 146, 148]",be1fbae4c70ea5879978d3d872596262bf777f2bda3a04b46e0ecf3927e7c9b7
datasets/vatex_bank/Bhlu_vIqMwc.mp4,Bhlu_vIqMwc,real,VATEX,25.0,10.0,250,"[0, 3, 6, 9, 12, 16, 19, 22, 25, 28, 31, 34, 38, 41, 44, 47, 50, 53, 56, 59, 62, 66, 69, 72, 75, 78, 81, 84, 88, 91, 94, 97, 100, 103, 106, 109, 112, 116, 119, 122, 125, 128, 131, 134, 138, 141, 144, 147, 150, 153, 156, 159, 162, 166, 169, 172, 175, 178, 181, 184, 188, 191, 194, 197, 200, 203, 206, 209, 212, 216, 219, 222, 225, 228, 231, 234, 238, 241, 244, 247]",fd914976a0a26f95b1d17493e7bd81f69a5885df368bdb6bbc87237765da3555
datasets/vatex_bank/z9zpKhAHcko.mp4,z9zpKhAHcko,real,VATEX,28.83333333333333,9.988439,288,"[0, 4, 7, 11, 14, 18, 22, 25, 29, 32, 36, 40, 43, 47, 50, 54, 58, 61, 65, 68, 72, 76, 79, 83, 86, 90, 94, 97, 101, 105, 108, 112, 115, 119, 123, 126, 130, 133, 137, 141, 144, 148, 151, 155, 159, 162, 166, 169, 173, 177, 180, 184, 187, 191, 195, 198, 202, 205, 209, 213, 216, 220, 223, 227, 231, 234, 238, 241, 245, 249, 252, 256, 260, 263, 267, 270, 274, 278, 281, 285]",e83ef960a9ac405a6315b077042524b9c484be12bc3f2be2220195dd31bc2911
datasets/vatex_bank/K5YqC3GAmrw.mp4,K5YqC3GAmrw,real,VATEX,30.0,10.0,300,"[0, 4, 8, 11, 15, 19, 22, 26, 30, 34, 38, 41, 45, 49, 52, 56, 60, 64, 68, 71, 75, 79, 82, 86, 90, 94, 98, 101, 105, 109, 112, 116, 120, 124, 128, 131, 135, 139, 142, 146, 150, 154, 158, 161, 165, 169, 172, 176, 180, 184, 188, 191, 195, 199, 202, 206, 210, 214, 218, 221, 225, 229, 232, 236, 240, 244, 248, 251, 255, 259, 262, 266, 270, 274, 278, 281, 285, 289, 292, 296]",11d55c9c6ff4f149b4374bbc24114e0654b1891dcefbbbe0844673df77e62128
datasets/vatex_bank/u8pTIRpwvGs.mp4,u8pTIRpwvGs,real,VATEX,30.0,8.9,267,"[0, 4, 8, 11, 15, 19, 22, 26, 30, 34, 38, 41, 45, 49, 52, 56, 60, 64, 68, 71, 75, 79, 82, 86, 90, 94, 98, 101, 105, 109, 112, 116, 120, 124, 128, 131, 135, 139, 142, 146, 150, 154, 158, 161, 165, 169, 172, 176, 180, 184, 188, 191, 195, 199, 202, 206, 210, 214, 218, 221, 225, 229, 232, 236, 240, 244, 248, 251, 255, 259, 262, 266]",80290d1fb54d545499e87ad2d0fee11879eb9f950bd551396e9ced01edfa4e46
datasets/vatex_bank/saXahlRV7s4.mp4,saXahlRV7s4,real,VATEX,29.97002997002997,10.01,300,"[0, 4, 7, 11, 15, 19, 22, 26, 30, 34, 37, 41, 45, 49, 52, 56, 60, 64, 67, 71, 75, 79, 82, 86, 90, 94, 97, 101, 105, 109, 112, 116, 120, 124, 127, 131, 135, 139, 142, 146, 150, 154, 157, 161, 165, 169, 172, 176, 180, 184, 187, 191, 195, 199, 202, 206, 210, 214, 217, 221, 225, 229, 232, 236, 240, 244, 247, 251, 255, 258, 262, 266, 270, 273, 277, 281, 285, 288, 292, 296]",21e010db21a62825b28c3232022f5bdd73a8ed1c4495ca55b1c610bbfb9aa579
datasets/vatex_bank/eVtxT-XRG1g.mp4,eVtxT-XRG1g,real,VATEX,25.0,10.0,250,"[0, 3, 6, 9, 12, 16, 19, 22, 25, 28, 31, 34, 38, 41, 44, 47, 50, 53, 56, 59, 62, 66, 69, 72, 75, 78, 81, 84, 88, 91, 94, 97, 100, 103, 106, 109, 112, 116, 119, 122, 125, 128, 131, 134, 138, 141, 144, 147, 150, 153, 156, 159, 162, 166, 169, 172, 175, 178, 181, 184, 188, 191, 194, 197, 200, 203, 206, 209, 212, 216, 219, 222, 225, 228, 231, 234, 238, 241, 244, 247]",e763ed26c3af658eec3f8f2a9d812d43a07b36acf12c4cddc172a05688ae06a8
datasets/vatex_bank/6cyaYasUtY8.mp4,6cyaYasUtY8,real,VATEX,14.449,9.82767,142,"[0, 2, 4, 5, 7, 9, 11, 13, 14, 16, 18, 20, 22, 23, 25, 27, 29, 31, 33, 34, 36, 38, 40, 42, 43, 45, 47, 49, 51, 52, 54, 56, 58, 60, 61, 63, 65, 67, 69, 70, 72, 74, 76, 78, 79, 81, 83, 85, 87, 89, 90, 92, 94, 96, 98, 99, 101, 103, 105, 107, 108, 110, 112, 114, 116, 117, 119, 121, 123, 125, 126, 128, 130, 132, 134, 135, 137, 139, 141]",76089905dff34a9b6c621c2cd7a6a5af80a406b4e911ff030458e6ffad96d3e2
datasets/vatex_bank/fQcCQ40XyBs.mp4,fQcCQ40XyBs,real,VATEX,29.97002997002997,10.01,300,"[0, 4, 7, 11, 15, 19, 22, 26, 30, 34, 37, 41, 45, 49, 52, 56, 60, 64, 67, 71, 75, 79, 82, 86, 90, 94, 97, 101, 105, 109, 112, 116, 120, 124, 127, 131, 135, 139, 142, 146, 150, 154, 157, 161, 165, 169, 172, 176, 180, 184, 187, 191, 195, 199, 202, 206, 210, 214, 217, 221, 225, 229, 232, 236, 240, 244, 247, 251, 255, 258, 262, 266, 270, 273, 277, 281, 285, 288, 292, 296]",0c934ea19013c35e1ab83b36a615c445e5e6b795d6356da82fbe0cbc5544fa2b
datasets/vatex_bank/49xqcWMtLRw.mp4,49xqcWMtLRw,real,VATEX,19.804,9.99798,198,"[0, 2, 5, 7, 10, 12, 15, 17, 20, 22, 25, 27, 30, 32, 35, 37, 40, 42, 45, 47, 50, 52, 54, 57, 59, 62, 64, 67, 69, 72, 74, 77, 79, 82, 84, 87, 89, 92, 94, 97, 99, 101, 104, 106, 109, 111, 114, 116, 119, 121, 124, 126, 129, 131, 134, 136, 139, 141, 144, 146, 149, 151, 153, 156, 158, 161, 163, 166, 168, 171, 173, 176, 178, 181, 183, 186, 188, 191, 193, 196]",557f89596e8f662a8fa2f4a2f5230a2ee6b75f21736f8e00c74404ad7d9ccfc0
datasets/vatex_bank/OLTQ_XjVfO8.mp4,OLTQ_XjVfO8,real,VATEX,29.97002997002997,10.01,300,"[0, 4, 7, 11, 15, 19, 22, 26, 30, 34, 37, 41, 45, 49, 52, 56, 60, 64, 67, 71, 75, 79, 82, 86, 90, 94, 97, 101, 105, 109, 112, 116, 120, 124, 127, 131, 135, 139, 142, 146, 150, 154, 157, 161, 165, 169, 172, 176, 180, 184, 187, 191, 195, 199, 202, 206, 210, 214, 217, 221, 225, 229, 232, 236, 240, 244, 247, 251, 255, 258, 262, 266, 270, 273, 277, 281, 285, 288, 292, 296]",3415e65cd1cf520b0d8a59493361032b5beb87c67b2457b3dd6f7f89870d5508
datasets/vatex_bank/aIn4erE8mWI.mp4,aIn4erE8mWI,real,VATEX,20.034,10.032944,201,"[0, 3, 5, 8, 10, 13, 15, 18, 20, 23, 25, 28, 30, 33, 35, 38, 40, 43, 45, 48, 50, 53, 55, 58, 60, 63, 65, 68, 70, 73, 75, 78, 80, 83, 85, 88, 90, 93, 95, 98, 100, 103, 105, 108, 110, 113, 115, 118, 120, 123, 125, 128, 130, 133, 135, 138, 140, 143, 145, 148, 150, 153, 155, 158, 160, 163, 165, 168, 170, 173, 175, 178, 180, 183, 185, 188, 190, 193, 195, 198, 200]",0b6c9036bbd38e34236e443227bde249dcefe322fb5e722e6d0f55300d278a75
datasets/vatex_bank/U5otZgux5nk.mp4,U5otZgux5nk,real,VATEX,30.0,10.0,300,"[0, 4, 8, 11, 15, 19, 22, 26, 30, 34, 38, 41, 45, 49, 52, 56, 60, 64, 68, 71, 75, 79, 82, 86, 90, 94, 98, 101, 105, 109, 112, 116, 120, 124, 128, 131, 135, 139, 142, 146, 150, 154, 158, 161, 165, 169, 172, 176, 180, 184, 188, 191, 195, 199, 202, 206, 210, 214, 218, 221, 225, 229, 232, 236, 240, 244, 248, 251, 255, 259, 262, 266, 270, 274, 278, 281, 285, 289, 292, 296]",25e33878bdd82b434e70e5d868075f921d1cbb4c5553aba2a6b9d5ce37914021
datasets/vatex_bank/0shtGDUpctY.mp4,0shtGDUpctY,real,VATEX,23.976023976023978,9.968292,239,"[0, 3, 6, 9, 12, 15, 18, 21, 24, 27, 30, 33, 36, 39, 42, 45, 48, 51, 54, 57, 60, 63, 66, 69, 72, 75, 78, 81, 84, 87, 90, 93, 96, 99, 102, 105, 108, 111, 114, 117, 120, 123, 126, 129, 132, 135, 138, 141, 144, 147, 150, 153, 156, 159, 162, 165, 168, 171, 174, 177, 180, 183, 186, 189, 192, 195, 198, 201, 204, 207, 210, 213, 216, 219, 222, 225, 228, 231, 234, 237]",ed45c6afae9c9f1e7872ca6a2ede8923592f18b6970eb99f67a3001f7bb143a1
datasets/vatex_bank/3xOWkQtTuqs.mp4,3xOWkQtTuqs,real,VATEX,30.0,2.0,60,"[0, 4, 8, 11, 15, 19, 22, 26, 30, 34, 38, 41, 45, 49, 52, 56]",8c1ea45e426c35d25e629a8fc1322e0595cc8a30de253a606c6fb44d20890345
datasets/vatex_bank/W5JtqIFd1L0.mp4,W5JtqIFd1L0,real,VATEX,15.0,10.0,150,"[0, 2, 4, 6, 8, 9, 11, 13, 15, 17, 19, 21, 22, 24, 26, 28, 30, 32, 34, 36, 38, 39, 41, 43, 45, 47, 49, 51, 52, 54, 56, 58, 60, 62, 64, 66, 68, 69, 71, 73, 75, 77, 79, 81, 82, 84, 86, 88, 90, 92, 94, 96, 98, 99, 101, 103, 105, 107, 109, 111, 112, 114, 116, 118, 120, 122, 124, 126, 128, 129, 131, 133, 135, 137, 139, 141, 142, 144, 146, 148]",57a584765b04959637f245cafdfc5f6fd2ea9ca7668abec1938306437c8f36fd
datasets/vatex_bank/ya0Ab4_iBPY.mp4,ya0Ab4_iBPY,real,VATEX,29.97002997002997,10.01,300,"[0, 4, 7, 11, 15, 19, 22, 26, 30, 34, 37, 41, 45, 49, 52, 56, 60, 64, 67, 71, 75, 79, 82, 86, 90, 94, 97, 101, 105, 109, 112, 116, 120, 124, 127, 131, 135, 139, 142, 146, 150, 154, 157, 161, 165, 169, 172, 176, 180, 184, 187, 191, 195, 199, 202, 206, 210, 214, 217, 221, 225, 229, 232, 236, 240, 244, 247, 251, 255, 258, 262, 266, 270, 273, 277, 281, 285, 288, 292, 296]",ffafa1fec06d1d2885a03733154d6b54fe142a2ebd5a1f55f188dafd252d1b76
datasets/vatex_bank/qXgS_8JWYfc.mp4,qXgS_8JWYfc,real,VATEX,25.0,10.0,250,"[0, 3, 6, 9, 12, 16, 19, 22, 25, 28, 31, 34, 38, 41, 44, 47, 50, 53, 56, 59, 62, 66, 69, 72, 75, 78, 81, 84, 88, 91, 94, 97, 100, 103, 106, 109, 112, 116, 119, 122, 125, 128, 131, 134, 138, 141, 144, 147, 150, 153, 156, 159, 162, 166, 169, 172, 175, 178, 181, 184, 188, 191, 194, 197, 200, 203, 206, 209, 212, 216, 219, 222, 225, 228, 231, 234, 238, 241, 244, 247]",38aafaad3952c1503e8344b26499006ecd9ebdd6091ec50b147ed42d1f1e4888
