dataset,mode,beta,alpha,avg_auc,avg_ap,n_rows
comgenvid,patch_only,0.0,,0.926266403625966,0.9293237724499619,5098
comgenvid,fused_alpha0p60,0.0,0.6,0.9204746698464625,0.9219698262423031,5098
comgenvid,patch_only,0.05,,0.9272798594896511,0.930515391741873,5098
comgenvid,fused_alpha0p60,0.05,0.6,0.9203424384816337,0.9216512638000873,5098
comgenvid,patch_only,0.1,,0.9273197456718291,0.9309208242203121,5098
comgenvid,fused_alpha0p60,0.1,0.6,0.9198012003312981,0.9211090195623601,5098
comgenvid,patch_only,0.15,,0.9266670863386706,0.930763751788221,5098
comgenvid,fused_alpha0p60,0.15,0.6,0.9189112182141812,0.9203369166637241,5098
comgenvid,patch_only,0.2,,0.9254093709636918,0.9300338171369564,5098
comgenvid,fused_alpha0p60,0.2,0.6,0.9177723810039109,0.9193565510764479,5098
comgenvid,patch_only,0.25,,0.9236806518026472,0.9288882240775612,5098
comgenvid,fused_alpha0p60,0.25,0.6,0.9163978684824243,0.9182372157169392,5098
comgenvid,patch_only,0.3,,0.9213549405453101,0.9271196738931218,5098
comgenvid,fused_alpha0p60,0.3,0.6,0.9147235159218703,0.9168757149610618,5098
comgenvid,patch_only,0.35,,0.9185541501745974,0.9248174135687683,5098
comgenvid,fused_alpha0p60,0.35,0.6,0.9127888626680596,0.9152806272903742,5098
comgenvid,patch_only,0.4,,0.9151424075438298,0.9218804295640722,5098
comgenvid,fused_alpha0p60,0.4,0.6,0.9106457607578237,0.913510908678504,5098
comgenvid,patch_only,0.45,,0.9112076356719816,0.9183416169154208,5098
comgenvid,fused_alpha0p60,0.45,0.6,0.9081830491356144,0.911496187034653,5098
comgenvid,patch_only,0.5,,0.9067389959225917,0.9142400420256013,5098
comgenvid,fused_alpha0p60,0.5,0.6,0.9055240281298167,0.9093772302371896,5098
comgenvid,patch_only,0.55,,0.9016992900953246,0.9094944786460978,5098
comgenvid,fused_alpha0p60,0.55,0.6,0.9026709521768144,0.9070723762994877,5098
comgenvid,patch_only,0.6,,0.8959874153892683,0.9040021409545324,5098
comgenvid,fused_alpha0p60,0.6,0.6,0.899535031166716,0.9045301903092207,5098
comgenvid,patch_only,0.65,,0.8897819925333067,0.8979925344134707,5098
comgenvid,fused_alpha0p60,0.65,0.6,0.89623054768237,0.9018495368495227,5098
comgenvid,patch_only,0.7,,0.88293639645339,0.8913813485240888,5098
comgenvid,fused_alpha0p60,0.7,0.6,0.892656398922865,0.8989580866220643,5098
comgenvid,patch_only,0.75,,0.8755306596411492,0.884269222321155,5098
comgenvid,fused_alpha0p60,0.75,0.6,0.8888594077977139,0.8959270197829023,5098
comgenvid,patch_only,0.8,,0.8674530140773944,0.8766048001472607,5098
comgenvid,fused_alpha0p60,0.8,0.6,0.884818764124911,0.8926826259319591,5098
comgenvid,patch_only,0.85,,0.8589650610917576,0.8687271297327367,5098
comgenvid,fused_alpha0p60,0.85,0.6,0.8806180554688465,0.8893335042772814,5098
comgenvid,patch_only,0.9,,0.8498833242462205,0.8604321968305881,5098
comgenvid,fused_alpha0p60,0.9,0.6,0.8761433460830382,0.8858430717512957,5098
comgenvid,patch_only,0.95,,0.8401321932128285,0.851727154583115,5098
comgenvid,fused_alpha0p60,0.95,0.6,0.8714482221861513,0.8821956946138744,5098
comgenvid,patch_only,1.0,,0.8296728223185039,0.8424675451339985,5098
comgenvid,fused_alpha0p60,1.0,0.6,0.8664586342138814,0.8783918424607493,5098
videofeedback,patch_only,0.0,,0.8210158395226802,0.8251589060503729,34410
videofeedback,fused_alpha0p60,0.0,0.6,0.8624684637667658,0.8736623455029768,34410
videofeedback,patch_only,0.05,,0.8221670881810661,0.8280973692446997,34410
videofeedback,fused_alpha0p60,0.05,0.6,0.862749246980016,0.8744365206715148,34410
videofeedback,patch_only,0.1,,0.8228303421252893,0.8302490544722259,34410
videofeedback,fused_alpha0p60,0.1,0.6,0.8627692489035397,0.8750296144073388,34410
videofeedback,patch_only,0.15,,0.8230949251469071,0.8318746493830174,34410
videofeedback,fused_alpha0p60,0.15,0.6,0.8625223888490616,0.8753918159139434,34410
videofeedback,patch_only,0.2,,0.8229579377291962,0.8330064131960109,34410
videofeedback,fused_alpha0p60,0.2,0.6,0.8620050773617182,0.8755212596736038,34410
videofeedback,patch_only,0.25,,0.8223281100420827,0.833586139203008,34410
videofeedback,fused_alpha0p60,0.25,0.6,0.8612605744767539,0.875468407337247,34410
videofeedback,patch_only,0.3,,0.821175574663001,0.8334533551010409,34410
videofeedback,fused_alpha0p60,0.3,0.6,0.8602512724511184,0.8751404153773181,34410
videofeedback,patch_only,0.35,,0.8194858197207662,0.8326634447027766,34410
videofeedback,fused_alpha0p60,0.35,0.6,0.8589691135423339,0.8745606856325712,34410
videofeedback,patch_only,0.4,,0.8171605150180753,0.8310366060165144,34410
videofeedback,fused_alpha0p60,0.4,0.6,0.857413534147313,0.8737171330301082,34410
videofeedback,patch_only,0.45,,0.814168385942463,0.8285329499724359,34410
videofeedback,fused_alpha0p60,0.45,0.6,0.8555580341205445,0.8725921412665214,34410
videofeedback,patch_only,0.5,,0.8104693301870227,0.8250739286021054,34410
videofeedback,fused_alpha0p60,0.5,0.6,0.8534246234372918,0.8711731390081854,34410
videofeedback,patch_only,0.55,,0.8060448194037526,0.8207098379818575,34410
videofeedback,fused_alpha0p60,0.55,0.6,0.8510282836343434,0.8694813537264295,34410
videofeedback,patch_only,0.6,,0.8009052841971929,0.81548178399258,34410
videofeedback,fused_alpha0p60,0.6,0.6,0.8483482603706491,0.8675073945231746,34410
videofeedback,patch_only,0.65,,0.7951236846729655,0.8094138398723472,34410
videofeedback,fused_alpha0p60,0.65,0.6,0.8454055540094908,0.865274153306417,34410
videofeedback,patch_only,0.7,,0.7888501665896921,0.8027198885457739,34410
videofeedback,fused_alpha0p60,0.7,0.6,0.8421934328739452,0.8627509506387954,34410
videofeedback,patch_only,0.75,,0.7821049923195531,0.795529567384297,34410
videofeedback,fused_alpha0p60,0.75,0.6,0.8387297651722184,0.8600004115752435,34410
videofeedback,patch_only,0.8,,0.7749788753888508,0.7878501628220389,34410
videofeedback,fused_alpha0p60,0.8,0.6,0.8350643837772423,0.8570381301431998,34410
videofeedback,patch_only,0.85,,0.7674914178093682,0.7797007241794587,34410
videofeedback,fused_alpha0p60,0.85,0.6,0.8311460145096744,0.8538245743603639,34410
videofeedback,patch_only,0.9,,0.7596786361029837,0.7710152844910165,34410
videofeedback,fused_alpha0p60,0.9,0.6,0.826982448060671,0.8504006726390003,34410
videofeedback,patch_only,0.95,,0.7515281438925758,0.7616916256767902,34410
videofeedback,fused_alpha0p60,0.95,0.6,0.8226530856018732,0.846815253770739,34410
videofeedback,patch_only,1.0,,0.7431130224934747,0.7515758847666781,34410
videofeedback,fused_alpha0p60,1.0,0.6,0.8181006960069,0.843017863514793,34410
genvideo,patch_only,0.0,,0.8042229260830072,0.8047742104972698,15623
genvideo,fused_alpha0p60,0.0,0.6,0.8345053793953836,0.825717304490483,15623
genvideo,patch_only,0.05,,0.8058356991526232,0.8070398901938334,15623
genvideo,fused_alpha0p60,0.05,0.6,0.836235297661421,0.8271199450935304,15623
genvideo,patch_only,0.1,,0.8072410066575748,0.8092266588002035,15623
genvideo,fused_alpha0p60,0.1,0.6,0.8373879396648187,0.8282614769702012,15623
genvideo,patch_only,0.15,,0.8078639539060581,0.8109781104002616,15623
genvideo,fused_alpha0p60,0.15,0.6,0.8382226070314842,0.8290216870781786,15623
genvideo,patch_only,0.2,,0.8080745571362605,0.8124974677157611,15623
genvideo,fused_alpha0p60,0.2,0.6,0.8389300540906007,0.8298416364864206,15623
genvideo,patch_only,0.25,,0.80819811107403,0.8137740318533668,15623
genvideo,fused_alpha0p60,0.25,0.6,0.8394236334023356,0.8305704025836075,15623
genvideo,patch_only,0.3,,0.8078835273369904,0.8150900219104413,15623
genvideo,fused_alpha0p60,0.3,0.6,0.839620686875638,0.8310826618540224,15623
genvideo,patch_only,0.35,,0.8074261045444908,0.815609695031231,15623
genvideo,fused_alpha0p60,0.35,0.6,0.8395483267935829,0.8309536195934251,15623
genvideo,patch_only,0.4,,0.8063906494073919,0.8157588041092226,15623
genvideo,fused_alpha0p60,0.4,0.6,0.8395922217352608,0.8313708430051461,15623
genvideo,patch_only,0.45,,0.8049881127408607,0.8150659213698541,15623
genvideo,fused_alpha0p60,0.45,0.6,0.8393011520404712,0.8312748710719221,15623
genvideo,patch_only,0.5,,0.8030409554888525,0.8138597884829872,15623
genvideo,fused_alpha0p60,0.5,0.6,0.8386820666288635,0.8307604191532929,15623
genvideo,patch_only,0.55,,0.800313393748018,0.8117428150367775,15623
genvideo,fused_alpha0p60,0.55,0.6,0.8378104576418477,0.8305200877854908,15623
genvideo,patch_only,0.6,,0.797433695381351,0.8093534127009621,15623
genvideo,fused_alpha0p60,0.6,0.6,0.8368465429417254,0.8298256830726148,15623
genvideo,patch_only,0.65,,0.7940125343594289,0.8063607872973177,15623
genvideo,fused_alpha0p60,0.65,0.6,0.8356192063388773,0.8289298074465806,15623
genvideo,patch_only,0.7,,0.7901395782243364,0.8026527026906749,15623
genvideo,fused_alpha0p60,0.7,0.6,0.8339327626425783,0.8276940957599692,15623
genvideo,patch_only,0.75,,0.785086495884207,0.7978593163672756,15623
genvideo,fused_alpha0p60,0.75,0.6,0.83185418706776,0.8258498002874992,15623
genvideo,patch_only,0.8,,0.7800115820583734,0.7928814168629209,15623
genvideo,fused_alpha0p60,0.8,0.6,0.8297562238403469,0.8243019754137442,15623
genvideo,patch_only,0.85,,0.7742759031778064,0.7874179101765678,15623
genvideo,fused_alpha0p60,0.85,0.6,0.8276452471436032,0.8229986877598182,15623
genvideo,patch_only,0.9,,0.7682671291755712,0.7817265080261107,15623
genvideo,fused_alpha0p60,0.9,0.6,0.825089075538991,0.8212629863480078,15623
genvideo,patch_only,0.95,,0.7616785847965215,0.7753795593191287,15623
genvideo,fused_alpha0p60,0.95,0.6,0.8222632982711604,0.8190107515971066,15623
genvideo,patch_only,1.0,,0.7547538590659748,0.7686625241426976,15623
genvideo,fused_alpha0p60,1.0,0.6,0.8192717504854915,0.8168660704486137,15623
