dataset,generator,n_real,n_fake,auc,real_positive_ap,fake_positive_ap,fake_tpr_at_0_1pct_real_fpr,fake_tpr_at_1pct_real_fpr,real_fpr_at_95pct_fake_tpr,variant,method,observation
comgenvid,Sora,898,898,0.8986698974707465,0.9032905702847499,0.897285982665079,0.0556792873051225,0.2828507795100223,0.4142538975501114,local_d1_target,Local归一化D1,fc3
comgenvid,VEO3,898,898,0.9236834142687784,0.9299577637783263,0.9188002723855968,0.066815144766147,0.3129175946547884,0.33296213808463254,local_d1_target,Local归一化D1,fc3
genvideo,Crafter,188,188,0.8880149388863738,0.8672612356200587,0.9020134904097762,0.2074468085106383,0.425531914893617,0.5053191489361702,local_d1_target,Local归一化D1,fc3
genvideo,Gen2,1380,1380,0.9458622138206259,0.9528027593440196,0.9352780365908429,0.02391304347826087,0.3101449275362319,0.21304347826086956,local_d1_target,Local归一化D1,fc3
genvideo,Lavie,1400,1400,0.8793147959183674,0.8714658808372207,0.877409034279736,0.02142857142857143,0.2507142857142857,0.47928571428571426,local_d1_target,Local归一化D1,fc3
genvideo,ModelScope,700,700,0.8788489795918368,0.8737383202922007,0.8806664579115397,0.09571428571428571,0.22714285714285715,0.5242857142857142,local_d1_target,Local归一化D1,fc3
genvideo,MorphStudio,700,700,0.8765326530612245,0.8708986114568633,0.8784088417446697,0.08142857142857143,0.23,0.5085714285714286,local_d1_target,Local归一化D1,fc3
genvideo,Show_1,700,700,0.8732836734693877,0.8476836878006195,0.8821225374656466,0.09142857142857143,0.25285714285714284,0.5785714285714286,local_d1_target,Local归一化D1,fc3
genvideo,Sora,56,56,0.9467474489795917,0.9504230754258371,0.9501283189792016,0.5178571428571429,0.5178571428571429,0.25,local_d1_target,Local归一化D1,fc3
genvideo,WildScrape,515,515,0.7922518616269205,0.7072246890511186,0.8270862032820097,0.062135922330097085,0.19223300970873786,0.8893203883495145,local_d1_target,Local归一化D1,fc3
videofeedback,AnimateDiff,300,300,0.8470000000000001,0.8666588198634602,0.7998943771890058,0.013333333333333334,0.05,0.5066666666666667,local_d1_target,Local归一化D1,fc3
videofeedback,Fast-SVD,300,300,0.9101555555555556,0.9266459708336311,0.8805096932542018,0.02,0.14333333333333334,0.2966666666666667,local_d1_target,Local归一化D1,fc3
videofeedback,LVDM,300,300,0.8951833333333332,0.9059974698314398,0.8647367818482816,0.013333333333333334,0.12,0.36,local_d1_target,Local归一化D1,fc3
videofeedback,LaVie-base,300,300,0.8208833333333332,0.8315612186680231,0.796296534548673,0.016666666666666666,0.09333333333333334,0.58,local_d1_target,Local归一化D1,fc3
videofeedback,ModelScope,300,300,0.82065,0.8203465540472576,0.8050856202342301,0.016666666666666666,0.14,0.6,local_d1_target,Local归一化D1,fc3
videofeedback,Pika,300,300,0.8788555555555555,0.9008729993311817,0.845314836522422,0.016666666666666666,0.12333333333333334,0.36333333333333334,local_d1_target,Local归一化D1,fc3
videofeedback,SoRA-Clip,300,300,0.7759555555555556,0.7733738773402161,0.772875781219602,0.04,0.12666666666666668,0.71,local_d1_target,Local归一化D1,fc3
videofeedback,Text2Video-Zero,300,300,0.7073166666666667,0.7204650090006208,0.6796655061739796,0.016666666666666666,0.03666666666666667,0.7533333333333333,local_d1_target,Local归一化D1,fc3
videofeedback,VideoCrafter2,300,300,0.9118111111111111,0.9204817042074782,0.8919153340389501,0.03,0.18,0.2966666666666667,local_d1_target,Local归一化D1,fc3
videofeedback,ZeroScope-576w,300,300,0.7639111111111111,0.7699244712375545,0.7213989929186522,0.0033333333333333335,0.04666666666666667,0.7366666666666667,local_d1_target,Local归一化D1,fc3
comgenvid,Sora,898,898,0.9043432324244424,0.9084042534577539,0.9029621621238269,0.06347438752783964,0.2906458797327394,0.39532293986636974,full,Local归一化D2,fc3
comgenvid,VEO3,898,898,0.9291533772153908,0.934798752746819,0.9248188277212246,0.07906458797327394,0.32405345211581293,0.3151447661469933,full,Local归一化D2,fc3
genvideo,Crafter,188,188,0.8904481665912177,0.8729081485214433,0.9019801245024064,0.19680851063829788,0.3776595744680851,0.4787234042553192,full,Local归一化D2,fc3
genvideo,Gen2,1380,1380,0.9512744171392564,0.9583971899921848,0.9405649937685088,0.02681159420289855,0.32681159420289857,0.18768115942028984,full,Local归一化D2,fc3
genvideo,Lavie,1400,1400,0.8849867346938776,0.8787121108990152,0.8818897289173506,0.02214285714285714,0.2592857142857143,0.4607142857142857,full,Local归一化D2,fc3
genvideo,ModelScope,700,700,0.882980612244898,0.8799018030679797,0.8832271703257,0.09714285714285714,0.22857142857142856,0.5028571428571429,full,Local归一化D2,fc3
genvideo,MorphStudio,700,700,0.881308163265306,0.8768780922094239,0.8820222571450623,0.08142857142857143,0.23285714285714285,0.49857142857142855,full,Local归一化D2,fc3
genvideo,Show_1,700,700,0.8747102040816326,0.8511396067579132,0.882360744672692,0.09428571428571429,0.25142857142857145,0.6014285714285714,full,Local归一化D2,fc3
genvideo,Sora,56,56,0.9496173469387755,0.953894213195792,0.9527311715638466,0.5892857142857143,0.5892857142857143,0.23214285714285715,full,Local归一化D2,fc3
genvideo,WildScrape,515,515,0.7986351211235744,0.7162504602171778,0.8321170747694051,0.06990291262135923,0.20970873786407768,0.883495145631068,full,Local归一化D2,fc3
videofeedback,AnimateDiff,300,300,0.8436111111111112,0.8665437245358778,0.795606046658265,0.016666666666666666,0.05,0.56,full,Local归一化D2,fc3
videofeedback,Fast-SVD,300,300,0.9129666666666668,0.9290943568952829,0.8876161386849623,0.03666666666666667,0.16,0.2866666666666667,full,Local归一化D2,fc3
videofeedback,LVDM,300,300,0.89395,0.9064032831168407,0.8630301739766203,0.013333333333333334,0.11,0.33666666666666667,full,Local归一化D2,fc3
videofeedback,LaVie-base,300,300,0.8247666666666668,0.8392570978112451,0.7984244670381514,0.013333333333333334,0.09333333333333334,0.56,full,Local归一化D2,fc3
videofeedback,ModelScope,300,300,0.8171666666666667,0.8178461067385826,0.8009674222111697,0.02,0.13666666666666666,0.6066666666666667,full,Local归一化D2,fc3
videofeedback,Pika,300,300,0.8810111111111111,0.9034349242750779,0.8494862515608497,0.02666666666666667,0.13,0.36666666666666664,full,Local归一化D2,fc3
videofeedback,SoRA-Clip,300,300,0.78075,0.7811870277573685,0.7762487906250561,0.05,0.13,0.7,full,Local归一化D2,fc3
videofeedback,Text2Video-Zero,300,300,0.7205388888888888,0.7379105257310989,0.6858792917714005,0.016666666666666666,0.04666666666666667,0.73,full,Local归一化D2,fc3
videofeedback,VideoCrafter2,300,300,0.9087277777777778,0.9195184882825795,0.8894745312192605,0.04,0.18,0.2833333333333333,full,Local归一化D2,fc3
videofeedback,ZeroScope-576w,300,300,0.8004222222222223,0.8210064284978574,0.7495363742135498,0.01,0.05333333333333334,0.6266666666666667,full,Local归一化D2,fc3
comgenvid,Sora,898,898,0.681614922545027,0.7525297763565044,0.6141083114056898,0.0022271714922048997,0.0200445434298441,0.6280623608017817,local_raw_d2_target,Local未归一化D2,fc3
comgenvid,VEO3,898,898,0.594625026661574,0.6930807227883848,0.5120098489720144,0.0,0.0011135857461024498,0.7082405345211581,local_raw_d2_target,Local未归一化D2,fc3
genvideo,Crafter,188,188,0.5748641919420552,0.6679568655639715,0.5215384377220733,0.005319148936170213,0.010638297872340425,0.75,local_raw_d2_target,Local未归一化D2,fc3
genvideo,Gen2,1380,1380,0.4812951585801302,0.6187632773976979,0.44168913256486275,0.0,0.0,0.7724637681159421,local_raw_d2_target,Local未归一化D2,fc3
genvideo,Lavie,1400,1400,0.6334377551020408,0.7049196042918966,0.5651477614250165,0.004285714285714286,0.015,0.7114285714285714,local_raw_d2_target,Local未归一化D2,fc3
genvideo,ModelScope,700,700,0.6315795918367346,0.6593876748132901,0.5864320361962112,0.004285714285714286,0.012857142857142857,0.8057142857142857,local_raw_d2_target,Local未归一化D2,fc3
genvideo,MorphStudio,700,700,0.6556489795918367,0.7008113533776642,0.6231753486566396,0.011428571428571429,0.04,0.7357142857142858,local_raw_d2_target,Local未归一化D2,fc3
genvideo,Show_1,700,700,0.5564367346938776,0.6129524848607355,0.5063529906428839,0.002857142857142857,0.011428571428571429,0.8314285714285714,local_raw_d2_target,Local未归一化D2,fc3
genvideo,Sora,56,56,0.7005739795918368,0.7377618800942786,0.6820593814763394,0.03571428571428571,0.03571428571428571,0.7142857142857143,local_raw_d2_target,Local未归一化D2,fc3
genvideo,WildScrape,515,515,0.5516146667923462,0.5441360613629661,0.5354382095670185,0.0,0.013592233009708738,0.9436893203883495,local_raw_d2_target,Local未归一化D2,fc3
videofeedback,AnimateDiff,300,300,0.5449222222222222,0.6430784097809046,0.5291505965361766,0.006666666666666667,0.04,0.7433333333333333,local_raw_d2_target,Local未归一化D2,fc3
videofeedback,Fast-SVD,300,300,0.5484555555555556,0.6906094410185363,0.47366875340692033,0.0,0.0033333333333333335,0.6233333333333333,local_raw_d2_target,Local未归一化D2,fc3
videofeedback,LVDM,300,300,0.8944277777777778,0.9145217799240768,0.8712979004154988,0.04,0.18666666666666668,0.36333333333333334,local_raw_d2_target,Local未归一化D2,fc3
videofeedback,LaVie-base,300,300,0.6596,0.7212904316608478,0.6175757074827891,0.006666666666666667,0.043333333333333335,0.68,local_raw_d2_target,Local未归一化D2,fc3
videofeedback,ModelScope,300,300,0.7752666666666667,0.8082128352878284,0.7478620064458164,0.013333333333333334,0.11,0.5833333333333334,local_raw_d2_target,Local未归一化D2,fc3
videofeedback,Pika,300,300,0.4166000000000001,0.559323079969031,0.41367242049494357,0.0,0.0,0.8433333333333334,local_raw_d2_target,Local未归一化D2,fc3
videofeedback,SoRA-Clip,300,300,0.5567055555555556,0.634561447357365,0.5073534913723791,0.0,0.0,0.81,local_raw_d2_target,Local未归一化D2,fc3
videofeedback,Text2Video-Zero,300,300,0.9164722222222224,0.9390200193632784,0.8859678935361626,0.05,0.19,0.19666666666666666,local_raw_d2_target,Local未归一化D2,fc3
videofeedback,VideoCrafter2,300,300,0.5366166666666667,0.6978280412327988,0.4648933595379795,0.0,0.0,0.5833333333333334,local_raw_d2_target,Local未归一化D2,fc3
videofeedback,ZeroScope-576w,300,300,0.8010555555555555,0.8436652720700074,0.7075426902286011,0.0,0.013333333333333334,0.4766666666666667,local_raw_d2_target,Local未归一化D2,fc3
comgenvid,Sora,898,898,0.6984464362775978,0.7311850459285671,0.6629669759756855,0.0077951002227171495,0.045657015590200446,0.7505567928730512,local_d2_norm_target,Local D2幅度,fc3
comgenvid,VEO3,898,898,0.7378776642973002,0.7702011456967749,0.6893891046705178,0.0022271714922048997,0.036748329621380846,0.6514476614699332,local_d2_norm_target,Local D2幅度,fc3
genvideo,Crafter,188,188,0.6277727478497057,0.6696448306509803,0.5790027408827343,0.005319148936170213,0.010638297872340425,0.7819148936170213,local_d2_norm_target,Local D2幅度,fc3
genvideo,Gen2,1380,1380,0.7046439823566477,0.7205832373857427,0.6587684869286575,0.0,0.016666666666666666,0.744927536231884,local_d2_norm_target,Local D2幅度,fc3
genvideo,Lavie,1400,1400,0.5590846938775511,0.594378257002111,0.535571053319585,0.002142857142857143,0.02,0.8807142857142857,local_d2_norm_target,Local D2幅度,fc3
genvideo,ModelScope,700,700,0.4440061224489795,0.47274499906240475,0.46040710505193466,0.0014285714285714286,0.012857142857142857,0.9542857142857143,local_d2_norm_target,Local D2幅度,fc3
genvideo,MorphStudio,700,700,0.5501142857142858,0.5814467318880323,0.5340242973620448,0.004285714285714286,0.022857142857142857,0.8685714285714285,local_d2_norm_target,Local D2幅度,fc3
genvideo,Show_1,700,700,0.4884142857142857,0.5146507237420488,0.46881803106309144,0.0,0.002857142857142857,0.94,local_d2_norm_target,Local D2幅度,fc3
genvideo,Sora,56,56,0.5934311224489797,0.6324242466572418,0.563964442846734,0.017857142857142856,0.017857142857142856,0.8214285714285714,local_d2_norm_target,Local D2幅度,fc3
genvideo,WildScrape,515,515,0.4946403996606654,0.4896945973647443,0.5010919845674863,0.001941747572815534,0.013592233009708738,0.9766990291262136,local_d2_norm_target,Local D2幅度,fc3
videofeedback,AnimateDiff,300,300,0.6950888888888889,0.7457624565947021,0.6396493202679145,0.0033333333333333335,0.02666666666666667,0.68,local_d2_norm_target,Local D2幅度,fc3
videofeedback,Fast-SVD,300,300,0.7027888888888889,0.7646264742321527,0.6012455980600342,0.0,0.0,0.5633333333333334,local_d2_norm_target,Local D2幅度,fc3
videofeedback,LVDM,300,300,0.7222777777777778,0.7778290611215952,0.6985789563647922,0.043333333333333335,0.08333333333333333,0.5733333333333334,local_d2_norm_target,Local D2幅度,fc3
videofeedback,LaVie-base,300,300,0.7096944444444444,0.7539397872267178,0.6685137219882551,0.013333333333333334,0.04,0.6366666666666667,local_d2_norm_target,Local D2幅度,fc3
videofeedback,ModelScope,300,300,0.6515666666666666,0.6964700179795608,0.6278688248210726,0.006666666666666667,0.056666666666666664,0.7433333333333333,local_d2_norm_target,Local D2幅度,fc3
videofeedback,Pika,300,300,0.773688888888889,0.7792478819628814,0.7351016426160993,0.0033333333333333335,0.02666666666666667,0.6566666666666666,local_d2_norm_target,Local D2幅度,fc3
videofeedback,SoRA-Clip,300,300,0.6919,0.7054590249864546,0.6378503238930247,0.0,0.0033333333333333335,0.7733333333333333,local_d2_norm_target,Local D2幅度,fc3
videofeedback,Text2Video-Zero,300,300,0.7844722222222221,0.8270265863021153,0.7457717105146742,0.03666666666666667,0.06666666666666667,0.5233333333333333,local_d2_norm_target,Local D2幅度,fc3
videofeedback,VideoCrafter2,300,300,0.824988888888889,0.8747415162925043,0.7257885563167259,0.0,0.0,0.3933333333333333,local_d2_norm_target,Local D2幅度,fc3
videofeedback,ZeroScope-576w,300,300,0.7937444444444445,0.840179193549333,0.7072428948051828,0.0,0.01,0.5166666666666667,local_d2_norm_target,Local D2幅度,fc3
comgenvid,Sora,898,898,0.8834331178912802,0.8881575081045995,0.8820123553599619,0.04120267260579064,0.26169265033407574,0.47216035634743875,global_d2_target,Global归一化D2,fc3
comgenvid,VEO3,898,898,0.8775706717724614,0.8830179714517524,0.8795813955973271,0.062360801781737196,0.2817371937639198,0.4799554565701559,global_d2_target,Global归一化D2,fc3
genvideo,Crafter,188,188,0.8692564508827524,0.8575402820668533,0.8805675495530019,0.2393617021276596,0.24468085106382978,0.6276595744680851,global_d2_target,Global归一化D2,fc3
genvideo,Gen2,1380,1380,0.9180272001680321,0.9198980752709325,0.9155147176419492,0.05434782608695652,0.28840579710144926,0.3898550724637681,global_d2_target,Global归一化D2,fc3
genvideo,Lavie,1400,1400,0.8992836734693879,0.8896044865314403,0.8997647703442764,0.05714285714285714,0.2914285714285714,0.445,global_d2_target,Global归一化D2,fc3
genvideo,ModelScope,700,700,0.8344163265306122,0.8248717425042029,0.8421195297758834,0.07571428571428572,0.21142857142857144,0.6714285714285714,global_d2_target,Global归一化D2,fc3
genvideo,MorphStudio,700,700,0.8659897959183673,0.8605562659131856,0.8679174907324895,0.09285714285714286,0.23142857142857143,0.53,global_d2_target,Global归一化D2,fc3
genvideo,Show_1,700,700,0.8708714285714285,0.8480794145255742,0.877881513518438,0.08857142857142856,0.2571428571428571,0.5942857142857143,global_d2_target,Global归一化D2,fc3
genvideo,Sora,56,56,0.9078443877551021,0.9149292595820577,0.9128981330063939,0.4107142857142857,0.4107142857142857,0.4107142857142857,global_d2_target,Global归一化D2,fc3
genvideo,WildScrape,515,515,0.7418078989537186,0.6444465625807166,0.7892431441555003,0.05825242718446602,0.18640776699029127,0.9592233009708738,global_d2_target,Global归一化D2,fc3
videofeedback,AnimateDiff,300,300,0.7676444444444444,0.7963901956984287,0.7432974428034571,0.02,0.08,0.61,global_d2_target,Global归一化D2,fc3
videofeedback,Fast-SVD,300,300,0.902988888888889,0.9064635969754008,0.8973384187866984,0.08666666666666667,0.25333333333333335,0.4266666666666667,global_d2_target,Global归一化D2,fc3
videofeedback,LVDM,300,300,0.8720888888888889,0.8934599654822086,0.8356841093913208,0.006666666666666667,0.08666666666666667,0.4,global_d2_target,Global归一化D2,fc3
videofeedback,LaVie-base,300,300,0.8344611111111111,0.8483246079042261,0.8190485772850181,0.05333333333333334,0.13666666666666666,0.58,global_d2_target,Global归一化D2,fc3
videofeedback,ModelScope,300,300,0.8063222222222223,0.8189692367260183,0.7910753456842851,0.016666666666666666,0.11,0.58,global_d2_target,Global归一化D2,fc3
videofeedback,Pika,300,300,0.8092111111111111,0.8115510093158504,0.7959387160651687,0.03333333333333333,0.12333333333333334,0.6266666666666667,global_d2_target,Global归一化D2,fc3
videofeedback,SoRA-Clip,300,300,0.7725055555555554,0.7832349639214361,0.7679365032210582,0.04,0.13666666666666666,0.6966666666666667,global_d2_target,Global归一化D2,fc3
videofeedback,Text2Video-Zero,300,300,0.7968111111111111,0.7900363004841852,0.7802371551040239,0.03333333333333333,0.1,0.7333333333333333,global_d2_target,Global归一化D2,fc3
videofeedback,VideoCrafter2,300,300,0.9095944444444444,0.9175517237952171,0.9042028452494271,0.10333333333333333,0.2833333333333333,0.3433333333333333,global_d2_target,Global归一化D2,fc3
videofeedback,ZeroScope-576w,300,300,0.7472,0.786066160473466,0.6888541235912714,0.006666666666666667,0.04,0.62,global_d2_target,Global归一化D2,fc3
